{
"type": "FeatureCollection",
"name": "snap_retailers_dc",
"crs": { "type": "name", "properties": { "name": "urn:ogc:def:crs:OGC:1.3:CRS84" } },
"features": [
{ "type": "Feature", "properties": { "id": "1669540", "name": "1 1", "category": "Other", "snap_status": "SNAP-authorized retailer", "address": "7712 Georgia Ave NW", "city": "Washington", "state": "DC", "zip_code": "20012", "source": "USDA FNS SNAP Retailer Location Data" }, "geometry": { "type": "Point", "coordinates": [ -77.026848, 38.983196 ] } },
{ "type": "Feature", "properties": { "id": "601741", "name": "14TH MINI MARKET", "category": "Convenience Store", "snap_status": "SNAP-authorized retailer", "address": "3904 14th St NW", "city": "Washington", "state": "DC", "zip_code": "20011", "source": "USDA FNS SNAP Retailer Location Data" }, "geometry": { "type": "Point", "coordinates": [ -77.032761, 38.938801 ] } },
{ "type": "Feature", "properties": { "id": "1674236", "name": "202 Convenience 2", "category": "Convenience Store", "snap_status": "SNAP-authorized retailer", "address": "1348 Marion Barry Ave SE", "city": "Washington", "state": "DC", "zip_code": "20020", "source": "USDA FNS SNAP Retailer Location Data" }, "geometry": { "type": "Point", "coordinates": [ -76.985519, 38.867043 ] } },
{ "type": "Feature", "properties": { "id": "1669533", "name": "202 Market", "category": "Convenience Store", "snap_status": "SNAP-authorized retailer", "address": "5302 Georgia Ave NW", "city": "Washington", "state": "DC", "zip_code": "20011", "source": "USDA FNS SNAP Retailer Location Data" }, "geometry": { "type": "Point", "coordinates": [ -77.027931, 38.954273 ] } },
{ "type": "Feature", "properties": { "id": "1622163", "name": "24/7 Convenience Store", "category": "Convenience Store", "snap_status": "SNAP-authorized retailer", "address": "5575 Central Ave SE", "city": "Washington", "state": "DC", "zip_code": "20019", "source": "USDA FNS SNAP Retailer Location Data" }, "geometry": { "type": "Point", "coordinates": [ -76.91925, 38.885624 ] } },
{ "type": "Feature", "properties": { "id": "1563524", "name": "24/7 DC Convenence 1", "category": "Convenience Store", "snap_status": "SNAP-authorized retailer", "address": "1805 Montana Ave NE", "city": "Washington", "state": "DC", "zip_code": "20002", "source": "USDA FNS SNAP Retailer Location Data" }, "geometry": { "type": "Point", "coordinates": [ -76.978943, 38.919407 ] } },
{ "type": "Feature", "properties": { "id": "1658302", "name": "24/7 Deli & Convenience", "category": "Convenience Store", "snap_status": "SNAP-authorized retailer", "address": "3847 Minnesota Ave NE", "city": "Washington", "state": "DC", "zip_code": "20019", "source": "USDA FNS SNAP Retailer Location Data" }, "geometry": { "type": "Point", "coordinates": [ -76.950363, 38.89304 ] } },
{ "type": "Feature", "properties": { "id": "1674686", "name": "24/7 Family Food Mart", "category": "Convenience Store", "snap_status": "SNAP-authorized retailer", "address": "5425 5th St NW", "city": "Washington", "state": "DC", "zip_code": "20011", "source": "USDA FNS SNAP Retailer Location Data" }, "geometry": { "type": "Point", "coordinates": [ -77.019508, 38.956154 ] } },
{ "type": "Feature", "properties": { "id": "1658032", "name": "24/7 Tobacco & Convenience Store", "category": "Convenience Store", "snap_status": "SNAP-authorized retailer", "address": "4944 South Dakota Ave NE", "city": "Washington", "state": "DC", "zip_code": "20017", "source": "USDA FNS SNAP Retailer Location Data" }, "geometry": { "type": "Point", "coordinates": [ -76.992508, 38.949223 ] } },
{ "type": "Feature", "properties": { "id": "1586754", "name": "24hr Convenience & Deli", "category": "Convenience Store", "snap_status": "SNAP-authorized retailer", "address": "1736 Good Hope Rd SE", "city": "Washington", "state": "DC", "zip_code": "20020", "source": "USDA FNS SNAP Retailer Location Data" }, "geometry": { "type": "Point", "coordinates": [ -76.979553, 38.866081 ] } },
{ "type": "Feature", "properties": { "id": "1476753", "name": "5th St Market 1", "category": "Convenience Store", "snap_status": "SNAP-authorized retailer", "address": "1245 5th St NW", "city": "Washington", "state": "DC", "zip_code": "20001", "source": "USDA FNS SNAP Retailer Location Data" }, "geometry": { "type": "Point", "coordinates": [ -77.018684, 38.907112 ] } },
{ "type": "Feature", "properties": { "id": "1219707", "name": "7 House II 1", "category": "Convenience Store", "snap_status": "SNAP-authorized retailer", "address": "4200 Nannie Helen Burroughs Ave Ne", "city": "Washington", "state": "DC", "zip_code": "20019", "source": "USDA FNS SNAP Retailer Location Data" }, "geometry": { "type": "Point", "coordinates": [ -76.942116, 38.901749 ] } },
{ "type": "Feature", "properties": { "id": "1449866", "name": "7-ELEVEN 36428H", "category": "Convenience Store", "snap_status": "SNAP-authorized retailer", "address": "3707 14th St NW", "city": "Washington", "state": "DC", "zip_code": "20010", "source": "USDA FNS SNAP Retailer Location Data" }, "geometry": { "type": "Point", "coordinates": [ -77.03244, 38.93742 ] } },
{ "type": "Feature", "properties": { "id": "1441084", "name": "7-ELEVEN 36701J", "category": "Convenience Store", "snap_status": "SNAP-authorized retailer", "address": "4854 N H Burroughs Ave NE", "city": "Washington", "state": "DC", "zip_code": "20019", "source": "USDA FNS SNAP Retailer Location Data" }, "geometry": { "type": "Point", "coordinates": [ -76.932426, 38.898811 ] } },
{ "type": "Feature", "properties": { "id": "1568011", "name": "7-ELEVEN INC. 33192H", "category": "Convenience Store", "snap_status": "SNAP-authorized retailer", "address": "3012 14th St NW", "city": "Washington", "state": "DC", "zip_code": "20009", "source": "USDA FNS SNAP Retailer Location Data" }, "geometry": { "type": "Point", "coordinates": [ -77.032738, 38.927654 ] } },
{ "type": "Feature", "properties": { "id": "1166442", "name": "7-Eleven 22639b", "category": "Convenience Store", "snap_status": "SNAP-authorized retailer", "address": "4443 Benning Rd NE", "city": "Washington", "state": "DC", "zip_code": "20019", "source": "USDA FNS SNAP Retailer Location Data" }, "geometry": { "type": "Point", "coordinates": [ -76.938866, 38.890781 ] } },
{ "type": "Feature", "properties": { "id": "665296", "name": "7-Eleven 23120B", "category": "Convenience Store", "snap_status": "SNAP-authorized retailer", "address": "1622 7th St NW", "city": "Washington", "state": "DC", "zip_code": "20001", "source": "USDA FNS SNAP Retailer Location Data" }, "geometry": { "type": "Point", "coordinates": [ -77.022209, 38.911907 ] } },
{ "type": "Feature", "properties": { "id": "1524403", "name": "7-Eleven 23723H", "category": "Convenience Store", "snap_status": "SNAP-authorized retailer", "address": "1700 17th St NW", "city": "Washington", "state": "DC", "zip_code": "20009", "source": "USDA FNS SNAP Retailer Location Data" }, "geometry": { "type": "Point", "coordinates": [ -77.038826, 38.912853 ] } },
{ "type": "Feature", "properties": { "id": "1156147", "name": "7-Eleven 25464A", "category": "Convenience Store", "snap_status": "SNAP-authorized retailer", "address": "4319 Wisconsin Ave Nw", "city": "Washington", "state": "DC", "zip_code": "20016", "source": "USDA FNS SNAP Retailer Location Data" }, "geometry": { "type": "Point", "coordinates": [ -77.07811, 38.945198 ] } },
{ "type": "Feature", "properties": { "id": "1658359", "name": "7-Eleven 28633K", "category": "Convenience Store", "snap_status": "SNAP-authorized retailer", "address": "25 Peabody St NW", "city": "Washington", "state": "DC", "zip_code": "20011", "source": "USDA FNS SNAP Retailer Location Data" }, "geometry": { "type": "Point", "coordinates": [ -77.010696, 38.962994 ] } },
{ "type": "Feature", "properties": { "id": "1561646", "name": "7-Eleven 34293H", "category": "Convenience Store", "snap_status": "SNAP-authorized retailer", "address": "5210 3rd St NE", "city": "Washington", "state": "DC", "zip_code": "20011", "source": "USDA FNS SNAP Retailer Location Data" }, "geometry": { "type": "Point", "coordinates": [ -77.001457, 38.952934 ] } },
{ "type": "Feature", "properties": { "id": "1694799", "name": "7-Eleven 35278H", "category": "Convenience Store", "snap_status": "SNAP-authorized retailer", "address": "7401 Georgia Ave NW", "city": "Washington", "state": "DC", "zip_code": "20012", "source": "USDA FNS SNAP Retailer Location Data" }, "geometry": { "type": "Point", "coordinates": [ -77.025909, 38.979664 ] } },
{ "type": "Feature", "properties": { "id": "1547265", "name": "7-Eleven 35279H", "category": "Convenience Store", "snap_status": "SNAP-authorized retailer", "address": "4000 Georgia Ave NW", "city": "Washington", "state": "DC", "zip_code": "20011", "source": "USDA FNS SNAP Retailer Location Data" }, "geometry": { "type": "Point", "coordinates": [ -77.025597, 38.940029 ] } },
{ "type": "Feature", "properties": { "id": "1003958", "name": "7-Eleven Inc F 34582A", "category": "Convenience Store", "snap_status": "SNAP-authorized retailer", "address": "1755 Columbia Rd NW", "city": "Washington", "state": "DC", "zip_code": "20009", "source": "USDA FNS SNAP Retailer Location Data" }, "geometry": { "type": "Point", "coordinates": [ -77.041306, 38.923634 ] } },
{ "type": "Feature", "properties": { "id": "1149674", "name": "7-Eleven Inc F 36441A", "category": "Convenience Store", "snap_status": "SNAP-authorized retailer", "address": "908 17th St NW", "city": "Washington", "state": "DC", "zip_code": "20006", "source": "USDA FNS SNAP Retailer Location Data" }, "geometry": { "type": "Point", "coordinates": [ -77.039474, 38.90147 ] } },
{ "type": "Feature", "properties": { "id": "1390108", "name": "7-Eleven Store 36438J", "category": "Convenience Store", "snap_status": "SNAP-authorized retailer", "address": "1233 Brentwood Rd NE", "city": "Washington", "state": "DC", "zip_code": "20018", "source": "USDA FNS SNAP Retailer Location Data" }, "geometry": { "type": "Point", "coordinates": [ -76.989212, 38.920509 ] } },
{ "type": "Feature", "properties": { "id": "1397922", "name": "7-Eleven Store 38711H", "category": "Convenience Store", "snap_status": "SNAP-authorized retailer", "address": "504 K St NW", "city": "Washington", "state": "DC", "zip_code": "20001", "source": "USDA FNS SNAP Retailer Location Data" }, "geometry": { "type": "Point", "coordinates": [ -77.019302, 38.902283 ] } },
{ "type": "Feature", "properties": { "id": "1289382", "name": "7-eleven 22464e", "category": "Convenience Store", "snap_status": "SNAP-authorized retailer", "address": "333 Hawaii Ave NE", "city": "Washington", "state": "DC", "zip_code": "20011", "source": "USDA FNS SNAP Retailer Location Data" }, "geometry": { "type": "Point", "coordinates": [ -77.000267, 38.941444 ] } },
{ "type": "Feature", "properties": { "id": "1490612", "name": "7-eleven 23097c", "category": "Convenience Store", "snap_status": "SNAP-authorized retailer", "address": "912 New Hampshire Ave NW", "city": "Washington", "state": "DC", "zip_code": "20037", "source": "USDA FNS SNAP Retailer Location Data" }, "geometry": { "type": "Point", "coordinates": [ -77.051735, 38.901165 ] } },
{ "type": "Feature", "properties": { "id": "1352083", "name": "7-eleven 35500b", "category": "Convenience Store", "snap_status": "SNAP-authorized retailer", "address": "900 Bladensburg Rd NE", "city": "Washington", "state": "DC", "zip_code": "20002", "source": "USDA FNS SNAP Retailer Location Data" }, "geometry": { "type": "Point", "coordinates": [ -76.98243, 38.902069 ] } },
{ "type": "Feature", "properties": { "id": "1584637", "name": "7-eleven 36711c", "category": "Convenience Store", "snap_status": "SNAP-authorized retailer", "address": "5501 South Dakota Ave NE", "city": "Washington", "state": "DC", "zip_code": "20011", "source": "USDA FNS SNAP Retailer Location Data" }, "geometry": { "type": "Point", "coordinates": [ -77.000587, 38.956028 ] } },
{ "type": "Feature", "properties": { "id": "1259075", "name": "7-eleven 37300a", "category": "Convenience Store", "snap_status": "SNAP-authorized retailer", "address": "3218 Pennsylvania Ave SE", "city": "Washington", "state": "DC", "zip_code": "20020", "source": "USDA FNS SNAP Retailer Location Data" }, "geometry": { "type": "Point", "coordinates": [ -76.959587, 38.869011 ] } },
{ "type": "Feature", "properties": { "id": "1658363", "name": "7-eleven 38027", "category": "Convenience Store", "snap_status": "SNAP-authorized retailer", "address": "3433 Connecticut Ave NW", "city": "Washington", "state": "DC", "zip_code": "20008", "source": "USDA FNS SNAP Retailer Location Data" }, "geometry": { "type": "Point", "coordinates": [ -77.058006, 38.935337 ] } },
{ "type": "Feature", "properties": { "id": "1690780", "name": "7-eleven Store #34559d 34559D", "category": "Convenience Store", "snap_status": "SNAP-authorized retailer", "address": "1315 2nd St NE", "city": "Washington", "state": "DC", "zip_code": "20002", "source": "USDA FNS SNAP Retailer Location Data" }, "geometry": { "type": "Point", "coordinates": [ -77.003281, 38.907703 ] } },
{ "type": "Feature", "properties": { "id": "1225891", "name": "7/11 37102", "category": "Convenience Store", "snap_status": "SNAP-authorized retailer", "address": "3700 12th St NE", "city": "Washington", "state": "DC", "zip_code": "20017", "source": "USDA FNS SNAP Retailer Location Data" }, "geometry": { "type": "Point", "coordinates": [ -76.991508, 38.934883 ] } },
{ "type": "Feature", "properties": { "id": "839138", "name": "727 Market", "category": "Convenience Store", "snap_status": "SNAP-authorized retailer", "address": "2820 Georgia Ave NW", "city": "Washington", "state": "DC", "zip_code": "20001", "source": "USDA FNS SNAP Retailer Location Data" }, "geometry": { "type": "Point", "coordinates": [ -77.022926, 38.926735 ] } },
{ "type": "Feature", "properties": { "id": "1038274", "name": "7th L Street Market", "category": "Convenience Store", "snap_status": "SNAP-authorized retailer", "address": "700 L St SE", "city": "Washington", "state": "DC", "zip_code": "20003", "source": "USDA FNS SNAP Retailer Location Data" }, "geometry": { "type": "Point", "coordinates": [ -76.995956, 38.877697 ] } },
{ "type": "Feature", "properties": { "id": "1649240", "name": "8989 Mart", "category": "Convenience Store", "snap_status": "SNAP-authorized retailer", "address": "501 3rd St Ne", "city": "Washington", "state": "DC", "zip_code": "20001", "source": "USDA FNS SNAP Retailer Location Data" }, "geometry": { "type": "Point", "coordinates": [ -77.001968, 38.896164 ] } },
{ "type": "Feature", "properties": { "id": "1570562", "name": "A To Z Grocery Store ", "category": "Convenience Store", "snap_status": "SNAP-authorized retailer", "address": "3225 Pennsylvania Ave SE", "city": "Washington", "state": "DC", "zip_code": "20020", "source": "USDA FNS SNAP Retailer Location Data" }, "geometry": { "type": "Point", "coordinates": [ -76.959633, 38.868546 ] } },
{ "type": "Feature", "properties": { "id": "1338177", "name": "A1 Grocery Store ", "category": "Grocery Store", "snap_status": "SNAP-authorized retailer", "address": "615 Division Ave NE", "city": "Washington", "state": "DC", "zip_code": "20019", "source": "USDA FNS SNAP Retailer Location Data" }, "geometry": { "type": "Point", "coordinates": [ -76.925529, 38.897865 ] } },
{ "type": "Feature", "properties": { "id": "1025116", "name": "ALDI 71014 71014", "category": "Supermarket", "snap_status": "SNAP-authorized retailer", "address": "901 17th St NE", "city": "Washington", "state": "DC", "zip_code": "20002", "source": "USDA FNS SNAP Retailer Location Data" }, "geometry": { "type": "Point", "coordinates": [ -76.978958, 38.901581 ] } },
{ "type": "Feature", "properties": { "id": "1650474", "name": "ALDI 71015", "category": "Supermarket", "snap_status": "SNAP-authorized retailer", "address": "801 H St NE", "city": "Washington", "state": "DC", "zip_code": "20002", "source": "USDA FNS SNAP Retailer Location Data" }, "geometry": { "type": "Point", "coordinates": [ -76.994698, 38.899979 ] } },
{ "type": "Feature", "properties": { "id": "1624545", "name": "ALDI 71179", "category": "Supermarket", "snap_status": "SNAP-authorized retailer", "address": "5300 South Dakota Ave NE", "city": "Washington", "state": "DC", "zip_code": "20011", "source": "USDA FNS SNAP Retailer Location Data" }, "geometry": { "type": "Point", "coordinates": [ -76.999725, 38.954536 ] } },
{ "type": "Feature", "properties": { "id": "273604", "name": "AMOCO QUICK FOOD SHOPPE", "category": "Convenience Store", "snap_status": "SNAP-authorized retailer", "address": "2600 14th St NW", "city": "Washington", "state": "DC", "zip_code": "20009", "source": "USDA FNS SNAP Retailer Location Data" }, "geometry": { "type": "Point", "coordinates": [ -77.032143, 38.923706 ] } },
{ "type": "Feature", "properties": { "id": "994054", "name": "AST Market", "category": "Convenience Store", "snap_status": "SNAP-authorized retailer", "address": "3182 Bladensburg Rd NE", "city": "Washington", "state": "DC", "zip_code": "20018", "source": "USDA FNS SNAP Retailer Location Data" }, "geometry": { "type": "Point", "coordinates": [ -76.96003, 38.929256 ] } },
{ "type": "Feature", "properties": { "id": "1538699", "name": "Abegaz & Choma", "category": "Other", "snap_status": "SNAP-authorized retailer", "address": "4913 Georgia Ave NW", "city": "Washington", "state": "DC", "zip_code": "20011", "source": "USDA FNS SNAP Retailer Location Data" }, "geometry": { "type": "Point", "coordinates": [ -77.026886, 38.950188 ] } },
{ "type": "Feature", "properties": { "id": "1206060", "name": "Abg Mart", "category": "Convenience Store", "snap_status": "SNAP-authorized retailer", "address": "2216 Martin Luther King Jr Ave SE", "city": "Washington", "state": "DC", "zip_code": "20020", "source": "USDA FNS SNAP Retailer Location Data" }, "geometry": { "type": "Point", "coordinates": [ -76.989952, 38.864365 ] } },
{ "type": "Feature", "properties": { "id": "1611389", "name": "Ajes LLC", "category": "Convenience Store", "snap_status": "SNAP-authorized retailer", "address": "3101 Rhode Island Ave NE", "city": "Washington", "state": "DC", "zip_code": "20018", "source": "USDA FNS SNAP Retailer Location Data" }, "geometry": { "type": "Point", "coordinates": [ -76.964249, 38.934414 ] } },
{ "type": "Feature", "properties": { "id": "1656440", "name": "Anania Convenience Store", "category": "Convenience Store", "snap_status": "SNAP-authorized retailer", "address": "700 Columbia Rd NW", "city": "Washington", "state": "DC", "zip_code": "20001", "source": "USDA FNS SNAP Retailer Location Data" }, "geometry": { "type": "Point", "coordinates": [ -77.023285, 38.927952 ] } },
{ "type": "Feature", "properties": { "id": "1696685", "name": "Anania Convenience Store", "category": "Convenience Store", "snap_status": "SNAP-authorized retailer", "address": "700 Columbia Rd NW", "city": "Washington", "state": "DC", "zip_code": "20001", "source": "USDA FNS SNAP Retailer Location Data" }, "geometry": { "type": "Point", "coordinates": [ -77.023285, 38.927952 ] } },
{ "type": "Feature", "properties": { "id": "1570938", "name": "Anania Market", "category": "Convenience Store", "snap_status": "SNAP-authorized retailer", "address": "2921 Georgia Ave NW", "city": "Washington", "state": "DC", "zip_code": "20001", "source": "USDA FNS SNAP Retailer Location Data" }, "geometry": { "type": "Point", "coordinates": [ -77.022751, 38.92802 ] } },
{ "type": "Feature", "properties": { "id": "1149638", "name": "Arcadia Center", "category": "Farmers and Markets", "snap_status": "SNAP-authorized retailer", "address": "1800 Perry St NE", "city": "Washington", "state": "DC", "zip_code": "20018", "source": "USDA FNS SNAP Retailer Location Data" }, "geometry": { "type": "Point", "coordinates": [ -76.9786, 38.936806 ] } },
{ "type": "Feature", "properties": { "id": "1642050", "name": "Argonne Market  Beer & Wine", "category": "Convenience Store", "snap_status": "SNAP-authorized retailer", "address": "1629 Columbia Rd NW", "city": "Washington", "state": "DC", "zip_code": "20009", "source": "USDA FNS SNAP Retailer Location Data" }, "geometry": { "type": "Point", "coordinates": [ -77.037849, 38.926113 ] } },
{ "type": "Feature", "properties": { "id": "1537353", "name": "Argyle Convenience Store", "category": "Convenience Store", "snap_status": "SNAP-authorized retailer", "address": "3220 17th Street  N.w.", "city": "Washington", "state": "DC", "zip_code": "20010", "source": "USDA FNS SNAP Retailer Location Data" }, "geometry": { "type": "Point", "coordinates": [ -77.039223, 38.932304 ] } },
{ "type": "Feature", "properties": { "id": "1077256", "name": "Avenue Supermarket", "category": "Grocery Store", "snap_status": "SNAP-authorized retailer", "address": "5010 New Hampshire Ave NW", "city": "Washington", "state": "DC", "zip_code": "20011", "source": "USDA FNS SNAP Retailer Location Data" }, "geometry": { "type": "Point", "coordinates": [ -77.012299, 38.951416 ] } },
{ "type": "Feature", "properties": { "id": "503944", "name": "B & T Produce", "category": "Specialty Store", "snap_status": "SNAP-authorized retailer", "address": "2400 E Capitol St NE", "city": "Washington", "state": "DC", "zip_code": "20003", "source": "USDA FNS SNAP Retailer Location Data" }, "geometry": { "type": "Point", "coordinates": [ -76.972946, 38.889874 ] } },
{ "type": "Feature", "properties": { "id": "1478203", "name": "Benning Market", "category": "Convenience Store", "snap_status": "SNAP-authorized retailer", "address": "2001 Benning Rd NE", "city": "Washington", "state": "DC", "zip_code": "20002", "source": "USDA FNS SNAP Retailer Location Data" }, "geometry": { "type": "Point", "coordinates": [ -76.975388, 38.898464 ] } },
{ "type": "Feature", "properties": { "id": "1571144", "name": "Benning Road Shell", "category": "Convenience Store", "snap_status": "SNAP-authorized retailer", "address": "3355 Benning Rd NE", "city": "Washington", "state": "DC", "zip_code": "20019", "source": "USDA FNS SNAP Retailer Location Data" }, "geometry": { "type": "Point", "coordinates": [ -76.958916, 38.896297 ] } },
{ "type": "Feature", "properties": { "id": "1606400", "name": "Best Convenience Store", "category": "Convenience Store", "snap_status": "SNAP-authorized retailer", "address": "1535 U St SE", "city": "Washington", "state": "DC", "zip_code": "20020", "source": "USDA FNS SNAP Retailer Location Data" }, "geometry": { "type": "Point", "coordinates": [ -76.982361, 38.865196 ] } },
{ "type": "Feature", "properties": { "id": "1660414", "name": "Best Tobacco & Wireless", "category": "Convenience Store", "snap_status": "SNAP-authorized retailer", "address": "1536 Benning Rd NE", "city": "Washington", "state": "DC", "zip_code": "20002", "source": "USDA FNS SNAP Retailer Location Data" }, "geometry": { "type": "Point", "coordinates": [ -76.980782, 38.90044 ] } },
{ "type": "Feature", "properties": { "id": "332541", "name": "Black Lion Market", "category": "Grocery Store", "snap_status": "SNAP-authorized retailer", "address": "3500 14th St NW", "city": "Washington", "state": "DC", "zip_code": "20010", "source": "USDA FNS SNAP Retailer Location Data" }, "geometry": { "type": "Point", "coordinates": [ -77.03302, 38.934631 ] } },
{ "type": "Feature", "properties": { "id": "1674789", "name": "Bladensburg Convenience Inc.", "category": "Convenience Store", "snap_status": "SNAP-authorized retailer", "address": "2850 Bladensburg Rd NE", "city": "Washington", "state": "DC", "zip_code": "20018", "source": "USDA FNS SNAP Retailer Location Data" }, "geometry": { "type": "Point", "coordinates": [ -76.963409, 38.927181 ] } },
{ "type": "Feature", "properties": { "id": "1543216", "name": "Bladensburg Exxon", "category": "Convenience Store", "snap_status": "SNAP-authorized retailer", "address": "2230 New York Ave NE", "city": "Washington", "state": "DC", "zip_code": "20002", "source": "USDA FNS SNAP Retailer Location Data" }, "geometry": { "type": "Point", "coordinates": [ -76.97316, 38.917698 ] } },
{ "type": "Feature", "properties": { "id": "1567600", "name": "Bloomingdale Farmers Market", "category": "Farmers and Markets", "snap_status": "SNAP-authorized retailer", "address": "105 R St NW", "city": "Washington", "state": "DC", "zip_code": "20001", "source": "USDA FNS SNAP Retailer Location Data" }, "geometry": { "type": "Point", "coordinates": [ -77.012451, 38.912762 ] } },
{ "type": "Feature", "properties": { "id": "1465502", "name": "Blu December", "category": "Farmers and Markets", "snap_status": "SNAP-authorized retailer", "address": "4218 10th St NE", "city": "Washington", "state": "DC", "zip_code": "20017", "source": "USDA FNS SNAP Retailer Location Data" }, "geometry": { "type": "Point", "coordinates": [ -76.992867, 38.94165 ] } },
{ "type": "Feature", "properties": { "id": "355855", "name": "Bolling JBA Commissary 2506", "category": "Supermarket", "snap_status": "SNAP-authorized retailer", "address": "185 Chappie James Blvd SW", "city": "Bolling AFB", "state": "DC", "zip_code": "20032", "source": "USDA FNS SNAP Retailer Location Data" }, "geometry": { "type": "Point", "coordinates": [ -77.016418, 38.842285 ] } },
{ "type": "Feature", "properties": { "id": "1524641", "name": "Brightwood Supermarket", "category": "Convenience Store", "snap_status": "SNAP-authorized retailer", "address": "100 Kennedy St NW", "city": "Washington", "state": "DC", "zip_code": "20011", "source": "USDA FNS SNAP Retailer Location Data" }, "geometry": { "type": "Point", "coordinates": [ -77.011848, 38.956402 ] } },
{ "type": "Feature", "properties": { "id": "1625419", "name": "Brookland Market", "category": "Convenience Store", "snap_status": "SNAP-authorized retailer", "address": "547 42nd St NE", "city": "Washington", "state": "DC", "zip_code": "20019", "source": "USDA FNS SNAP Retailer Location Data" }, "geometry": { "type": "Point", "coordinates": [ -76.942337, 38.897377 ] } },
{ "type": "Feature", "properties": { "id": "1620470", "name": "Brookland Supermarket & Deli", "category": "Convenience Store", "snap_status": "SNAP-authorized retailer", "address": "2815 7th St NE", "city": "Washington", "state": "DC", "zip_code": "20017", "source": "USDA FNS SNAP Retailer Location Data" }, "geometry": { "type": "Point", "coordinates": [ -76.995872, 38.926132 ] } },
{ "type": "Feature", "properties": { "id": "302806", "name": "C & F Seafood Inc.", "category": "Specialty Store", "snap_status": "SNAP-authorized retailer", "address": "1100 MAINE AVE SW", "city": "WASHINGTON", "state": "DC", "zip_code": "20024", "source": "USDA FNS SNAP Retailer Location Data" }, "geometry": { "type": "Point", "coordinates": [ -77.028053, 38.881226 ] } },
{ "type": "Feature", "properties": { "id": "714989", "name": "CANALES QUALITY MEATS", "category": "Specialty Store", "snap_status": "SNAP-authorized retailer", "address": "225 7th St SE", "city": "Washington", "state": "DC", "zip_code": "20003", "source": "USDA FNS SNAP Retailer Location Data" }, "geometry": { "type": "Point", "coordinates": [ -76.996468, 38.886421 ] } },
{ "type": "Feature", "properties": { "id": "536778", "name": "CAPITOL SUPERMARKET", "category": "Supermarket", "snap_status": "SNAP-authorized retailer", "address": "1231 11th St NW", "city": "Washington", "state": "DC", "zip_code": "20001", "source": "USDA FNS SNAP Retailer Location Data" }, "geometry": { "type": "Point", "coordinates": [ -77.026985, 38.906773 ] } },
{ "type": "Feature", "properties": { "id": "455108", "name": "CAPTAIN WHITE SEAFOOD CITY", "category": "Specialty Store", "snap_status": "SNAP-authorized retailer", "address": "1100 Maine Ave SW", "city": "Washington", "state": "DC", "zip_code": "20024", "source": "USDA FNS SNAP Retailer Location Data" }, "geometry": { "type": "Point", "coordinates": [ -77.028091, 38.881439 ] } },
{ "type": "Feature", "properties": { "id": "430404", "name": "CIRCLE 7 EXPRESS FOOD STORE", "category": "Convenience Store", "snap_status": "SNAP-authorized retailer", "address": "740 Kenilworth Ave NE", "city": "Washington", "state": "DC", "zip_code": "20019", "source": "USDA FNS SNAP Retailer Location Data" }, "geometry": { "type": "Point", "coordinates": [ -76.946648, 38.900333 ] } },
{ "type": "Feature", "properties": { "id": "1183731", "name": "CVS 10287", "category": "Other", "snap_status": "SNAP-authorized retailer", "address": "645 H St NE", "city": "Washington", "state": "DC", "zip_code": "20002", "source": "USDA FNS SNAP Retailer Location Data" }, "geometry": { "type": "Point", "coordinates": [ -76.996513, 38.900173 ] } },
{ "type": "Feature", "properties": { "id": "1221736", "name": "CVS 10685", "category": "Other", "snap_status": "SNAP-authorized retailer", "address": "675 K St NW", "city": "Washington", "state": "DC", "zip_code": "20001", "source": "USDA FNS SNAP Retailer Location Data" }, "geometry": { "type": "Point", "coordinates": [ -77.021309, 38.90279 ] } },
{ "type": "Feature", "properties": { "id": "961584", "name": "CVS 2330", "category": "Other", "snap_status": "SNAP-authorized retailer", "address": "110 Carroll St NW", "city": "Washington", "state": "DC", "zip_code": "20012", "source": "USDA FNS SNAP Retailer Location Data" }, "geometry": { "type": "Point", "coordinates": [ -77.014595, 38.974503 ] } },
{ "type": "Feature", "properties": { "id": "1176154", "name": "CVS 5674", "category": "Other", "snap_status": "SNAP-authorized retailer", "address": "3700 Newark St NW", "city": "Washington", "state": "DC", "zip_code": "20016", "source": "USDA FNS SNAP Retailer Location Data" }, "geometry": { "type": "Point", "coordinates": [ -77.072586, 38.934605 ] } },
{ "type": "Feature", "properties": { "id": "992001", "name": "CVS 7174", "category": "Other", "snap_status": "SNAP-authorized retailer", "address": "1200 First St NE", "city": "Washington", "state": "DC", "zip_code": "20002", "source": "USDA FNS SNAP Retailer Location Data" }, "geometry": { "type": "Point", "coordinates": [ -77.006302, 38.90609 ] } },
{ "type": "Feature", "properties": { "id": "723613", "name": "CVS PHARMACY  1341", "category": "Other", "snap_status": "SNAP-authorized retailer", "address": "1199 Vermont Ave NW", "city": "Washington", "state": "DC", "zip_code": "20005", "source": "USDA FNS SNAP Retailer Location Data" }, "geometry": { "type": "Point", "coordinates": [ -77.032288, 38.904415 ] } },
{ "type": "Feature", "properties": { "id": "313315", "name": "CVS PHARMACY  1344", "category": "Other", "snap_status": "SNAP-authorized retailer", "address": "500 12th St SE", "city": "Washington", "state": "DC", "zip_code": "20003", "source": "USDA FNS SNAP Retailer Location Data" }, "geometry": { "type": "Point", "coordinates": [ -76.990204, 38.882523 ] } },
{ "type": "Feature", "properties": { "id": "784991", "name": "CVS PHARMACY 1338", "category": "Other", "snap_status": "SNAP-authorized retailer", "address": "661 Pennsylvania Ave SE", "city": "Washington", "state": "DC", "zip_code": "20003", "source": "USDA FNS SNAP Retailer Location Data" }, "geometry": { "type": "Point", "coordinates": [ -76.996391, 38.884644 ] } },
{ "type": "Feature", "properties": { "id": "357143", "name": "CVS PHARMACY 1353", "category": "Other", "snap_status": "SNAP-authorized retailer", "address": "3327 Connecticut Ave NW", "city": "Washington", "state": "DC", "zip_code": "20008", "source": "USDA FNS SNAP Retailer Location Data" }, "geometry": { "type": "Point", "coordinates": [ -77.05751, 38.934227 ] } },
{ "type": "Feature", "properties": { "id": "271569", "name": "CVS PHARMACY 1354", "category": "Other", "snap_status": "SNAP-authorized retailer", "address": "2601 Connecticut Ave NW", "city": "Washington", "state": "DC", "zip_code": "20008", "source": "USDA FNS SNAP Retailer Location Data" }, "geometry": { "type": "Point", "coordinates": [ -77.051537, 38.923637 ] } },
{ "type": "Feature", "properties": { "id": "507584", "name": "CVS PHARMACY 1842", "category": "Other", "snap_status": "SNAP-authorized retailer", "address": "1275 Penn Ave NW", "city": "Washington", "state": "DC", "zip_code": "20004", "source": "USDA FNS SNAP Retailer Location Data" }, "geometry": { "type": "Point", "coordinates": [ -77.044991, 38.89299 ] } },
{ "type": "Feature", "properties": { "id": "638951", "name": "CVS PHARMACY 2039", "category": "Other", "snap_status": "SNAP-authorized retailer", "address": "2819 M St NW", "city": "Washington", "state": "DC", "zip_code": "20007", "source": "USDA FNS SNAP Retailer Location Data" }, "geometry": { "type": "Point", "coordinates": [ -77.057678, 38.905277 ] } },
{ "type": "Feature", "properties": { "id": "376802", "name": "CVS PHARMACY 2174", "category": "Other", "snap_status": "SNAP-authorized retailer", "address": "4555 Wisconsin Ave NW", "city": "Washington", "state": "DC", "zip_code": "20016", "source": "USDA FNS SNAP Retailer Location Data" }, "geometry": { "type": "Point", "coordinates": [ -77.080238, 38.949139 ] } },
{ "type": "Feature", "properties": { "id": "784921", "name": "CVS PHARMACY 2817", "category": "Other", "snap_status": "SNAP-authorized retailer", "address": "1418 P St NW", "city": "Washington", "state": "DC", "zip_code": "20005", "source": "USDA FNS SNAP Retailer Location Data" }, "geometry": { "type": "Point", "coordinates": [ -77.032814, 38.909634 ] } },
{ "type": "Feature", "properties": { "id": "768434", "name": "CVS PHARMACY INC 22", "category": "Other", "snap_status": "SNAP-authorized retailer", "address": "320 40th St NE", "city": "Washington", "state": "DC", "zip_code": "20019", "source": "USDA FNS SNAP Retailer Location Data" }, "geometry": { "type": "Point", "coordinates": [ -76.947487, 38.893036 ] } },
{ "type": "Feature", "properties": { "id": "772221", "name": "CVS PHARMACY INC 7074", "category": "Other", "snap_status": "SNAP-authorized retailer", "address": "2240 M St NW", "city": "Washington", "state": "DC", "zip_code": "20037", "source": "USDA FNS SNAP Retailer Location Data" }, "geometry": { "type": "Point", "coordinates": [ -77.049446, 38.905064 ] } },
{ "type": "Feature", "properties": { "id": "1344905", "name": "CVS Pharmacy 10833", "category": "Other", "snap_status": "SNAP-authorized retailer", "address": "1101 New York Ave NW", "city": "Washington", "state": "DC", "zip_code": "20005", "source": "USDA FNS SNAP Retailer Location Data" }, "geometry": { "type": "Point", "coordinates": [ -77.027542, 38.90168 ] } },
{ "type": "Feature", "properties": { "id": "1375263", "name": "CVS Pharmacy 11180", "category": "Other", "snap_status": "SNAP-authorized retailer", "address": "1001 16th St NW", "city": "Washington", "state": "DC", "zip_code": "20036", "source": "USDA FNS SNAP Retailer Location Data" }, "geometry": { "type": "Point", "coordinates": [ -77.035934, 38.90313 ] } },
{ "type": "Feature", "properties": { "id": "1410104", "name": "CVS Pharmacy 11231", "category": "Other", "snap_status": "SNAP-authorized retailer", "address": "15 I Street SE", "city": "Washington", "state": "DC", "zip_code": "20003", "source": "USDA FNS SNAP Retailer Location Data" }, "geometry": { "type": "Point", "coordinates": [ -77.008148, 38.879101 ] } },
{ "type": "Feature", "properties": { "id": "262870", "name": "CVS Pharmacy 1333", "category": "Other", "snap_status": "SNAP-authorized retailer", "address": "3601 12th St NE", "city": "Washington", "state": "DC", "zip_code": "20017", "source": "USDA FNS SNAP Retailer Location Data" }, "geometry": { "type": "Point", "coordinates": [ -76.990837, 38.933819 ] } },
{ "type": "Feature", "properties": { "id": "944103", "name": "CVS Pharmacy 1337", "category": "Other", "snap_status": "SNAP-authorized retailer", "address": "1403 Wisconsin Ave NW", "city": "Washington", "state": "DC", "zip_code": "20007", "source": "USDA FNS SNAP Retailer Location Data" }, "geometry": { "type": "Point", "coordinates": [ -77.063873, 38.908516 ] } },
{ "type": "Feature", "properties": { "id": "906824", "name": "CVS Pharmacy 1343", "category": "Other", "snap_status": "SNAP-authorized retailer", "address": "4851 Massachusetts Ave NW", "city": "Washington", "state": "DC", "zip_code": "20016", "source": "USDA FNS SNAP Retailer Location Data" }, "geometry": { "type": "Point", "coordinates": [ -77.095917, 38.945984 ] } },
{ "type": "Feature", "properties": { "id": "906825", "name": "CVS Pharmacy 1346", "category": "Other", "snap_status": "SNAP-authorized retailer", "address": "5550 Connecticut Ave NW", "city": "Washington", "state": "DC", "zip_code": "20015", "source": "USDA FNS SNAP Retailer Location Data" }, "geometry": { "type": "Point", "coordinates": [ -77.075546, 38.964844 ] } },
{ "type": "Feature", "properties": { "id": "725792", "name": "CVS Pharmacy 1355", "category": "Other", "snap_status": "SNAP-authorized retailer", "address": "1900 7th St NW", "city": "Washington", "state": "DC", "zip_code": "20001", "source": "USDA FNS SNAP Retailer Location Data" }, "geometry": { "type": "Point", "coordinates": [ -77.021957, 38.915981 ] } },
{ "type": "Feature", "properties": { "id": "333233", "name": "CVS Pharmacy 1360", "category": "Other", "snap_status": "SNAP-authorized retailer", "address": "2834 Alabama Ave SE", "city": "Washington", "state": "DC", "zip_code": "20020", "source": "USDA FNS SNAP Retailer Location Data" }, "geometry": { "type": "Point", "coordinates": [ -76.966858, 38.860397 ] } },
{ "type": "Feature", "properties": { "id": "496102", "name": "CVS Pharmacy 1362", "category": "Other", "snap_status": "SNAP-authorized retailer", "address": "4309 Connecticut Ave NW", "city": "Washington", "state": "DC", "zip_code": "20008", "source": "USDA FNS SNAP Retailer Location Data" }, "geometry": { "type": "Point", "coordinates": [ -77.06353, 38.944931 ] } },
{ "type": "Feature", "properties": { "id": "609050", "name": "CVS Pharmacy 1364", "category": "Other", "snap_status": "SNAP-authorized retailer", "address": "6514 Georgia Ave NW", "city": "Washington", "state": "DC", "zip_code": "20012", "source": "USDA FNS SNAP Retailer Location Data" }, "geometry": { "type": "Point", "coordinates": [ -77.02774, 38.969475 ] } },
{ "type": "Feature", "properties": { "id": "266409", "name": "CVS Pharmacy 1365", "category": "Other", "snap_status": "SNAP-authorized retailer", "address": "1637 P St NW", "city": "Washington", "state": "DC", "zip_code": "20036", "source": "USDA FNS SNAP Retailer Location Data" }, "geometry": { "type": "Point", "coordinates": [ -77.038177, 38.909687 ] } },
{ "type": "Feature", "properties": { "id": "944747", "name": "CVS Pharmacy 2104", "category": "Other", "snap_status": "SNAP-authorized retailer", "address": "5013 Connecticut Ave NW", "city": "Washington", "state": "DC", "zip_code": "20008", "source": "USDA FNS SNAP Retailer Location Data" }, "geometry": { "type": "Point", "coordinates": [ -77.069824, 38.955116 ] } },
{ "type": "Feature", "properties": { "id": "944752", "name": "CVS Pharmacy 2204", "category": "Other", "snap_status": "SNAP-authorized retailer", "address": "4859 Macarthur Blvd NW", "city": "Washington", "state": "DC", "zip_code": "20007", "source": "USDA FNS SNAP Retailer Location Data" }, "geometry": { "type": "Point", "coordinates": [ -77.095634, 38.916634 ] } },
{ "type": "Feature", "properties": { "id": "944766", "name": "CVS Pharmacy 2378", "category": "Other", "snap_status": "SNAP-authorized retailer", "address": "2226 Wisconsin Ave NW", "city": "Washington", "state": "DC", "zip_code": "20007", "source": "USDA FNS SNAP Retailer Location Data" }, "geometry": { "type": "Point", "coordinates": [ -77.071571, 38.919838 ] } },
{ "type": "Feature", "properties": { "id": "944826", "name": "CVS Pharmacy 2847", "category": "Other", "snap_status": "SNAP-authorized retailer", "address": "2000 Pennsylvania Ave NW", "city": "Washington", "state": "DC", "zip_code": "20006", "source": "USDA FNS SNAP Retailer Location Data" }, "geometry": { "type": "Point", "coordinates": [ -77.045776, 38.900364 ] } },
{ "type": "Feature", "properties": { "id": "878635", "name": "CVS Pharmacy 4546", "category": "Other", "snap_status": "SNAP-authorized retailer", "address": "2129 14th St NW", "city": "Washington", "state": "DC", "zip_code": "20009", "source": "USDA FNS SNAP Retailer Location Data" }, "geometry": { "type": "Point", "coordinates": [ -77.031631, 38.918911 ] } },
{ "type": "Feature", "properties": { "id": "1300189", "name": "CVS Pharmacy CVS10415", "category": "Other", "snap_status": "SNAP-authorized retailer", "address": "800 Maine Ave SW", "city": "Washington", "state": "DC", "zip_code": "20024", "source": "USDA FNS SNAP Retailer Location Data" }, "geometry": { "type": "Point", "coordinates": [ -77.023323, 38.878983 ] } },
{ "type": "Feature", "properties": { "id": "319086", "name": "CVS Pharmacy Inc 1351", "category": "Other", "snap_status": "SNAP-authorized retailer", "address": "1751 Columbia Rd NW", "city": "Washington", "state": "DC", "zip_code": "20009", "source": "USDA FNS SNAP Retailer Location Data" }, "geometry": { "type": "Point", "coordinates": [ -77.041283, 38.923965 ] } },
{ "type": "Feature", "properties": { "id": "816762", "name": "CVS Pharmacy Inc 7102", "category": "Other", "snap_status": "SNAP-authorized retailer", "address": "1100 New Jersey Ave SE", "city": "Washington", "state": "DC", "zip_code": "20003", "source": "USDA FNS SNAP Retailer Location Data" }, "geometry": { "type": "Point", "coordinates": [ -77.00428, 38.876923 ] } },
{ "type": "Feature", "properties": { "id": "1556709", "name": "CVS/Pharmacy 1347", "category": "Other", "snap_status": "SNAP-authorized retailer", "address": "6 Dupont Cir NW", "city": "Washington", "state": "DC", "zip_code": "20036", "source": "USDA FNS SNAP Retailer Location Data" }, "geometry": { "type": "Point", "coordinates": [ -77.044487, 38.909447 ] } },
{ "type": "Feature", "properties": { "id": "1618091", "name": "Capitol Convenience", "category": "Convenience Store", "snap_status": "SNAP-authorized retailer", "address": "1400 N Capitol St NW", "city": "Washington", "state": "DC", "zip_code": "20002", "source": "USDA FNS SNAP Retailer Location Data" }, "geometry": { "type": "Point", "coordinates": [ -77.009407, 38.908726 ] } },
{ "type": "Feature", "properties": { "id": "1084130", "name": "Capitol Hill Food And Fuel LLC", "category": "Convenience Store", "snap_status": "SNAP-authorized retailer", "address": "1248 Pennsylvania Ave SE", "city": "Washington", "state": "DC", "zip_code": "20003", "source": "USDA FNS SNAP Retailer Location Data" }, "geometry": { "type": "Point", "coordinates": [ -76.988701, 38.881779 ] } },
{ "type": "Feature", "properties": { "id": "853187", "name": "Capitol Hill Market", "category": "Grocery Store", "snap_status": "SNAP-authorized retailer", "address": "241 Massachusetts Ave NE", "city": "Washington", "state": "DC", "zip_code": "20002", "source": "USDA FNS SNAP Retailer Location Data" }, "geometry": { "type": "Point", "coordinates": [ -77.002266, 38.894413 ] } },
{ "type": "Feature", "properties": { "id": "1129601", "name": "Capitol LLC", "category": "Grocery Store", "snap_status": "SNAP-authorized retailer", "address": "2501 N Capitol St NE", "city": "Washington", "state": "DC", "zip_code": "20002", "source": "USDA FNS SNAP Retailer Location Data" }, "geometry": { "type": "Point", "coordinates": [ -77.008736, 38.922531 ] } },
{ "type": "Feature", "properties": { "id": "814377", "name": "Capitol View Market", "category": "Convenience Store", "snap_status": "SNAP-authorized retailer", "address": "4920 Central Ave NE", "city": "Washington", "state": "DC", "zip_code": "20019", "source": "USDA FNS SNAP Retailer Location Data" }, "geometry": { "type": "Point", "coordinates": [ -76.93206, 38.890465 ] } },
{ "type": "Feature", "properties": { "id": "1582384", "name": "Centronia Market", "category": "Farmers and Markets", "snap_status": "SNAP-authorized retailer", "address": "1420 Columbia Rd Nw", "city": "Washington", "state": "DC", "zip_code": "20009", "source": "USDA FNS SNAP Retailer Location Data" }, "geometry": { "type": "Point", "coordinates": [ -77.03347, 38.927189 ] } },
{ "type": "Feature", "properties": { "id": "1488560", "name": "Chang Capital Food Mart", "category": "Convenience Store", "snap_status": "SNAP-authorized retailer", "address": "1412 Pennsylvania Ave SE", "city": "Washington", "state": "DC", "zip_code": "20003", "source": "USDA FNS SNAP Retailer Location Data" }, "geometry": { "type": "Point", "coordinates": [ -76.984573, 38.880268 ] } },
{ "type": "Feature", "properties": { "id": "1438247", "name": "Chesapeake Big Market", "category": "Grocery Store", "snap_status": "SNAP-authorized retailer", "address": "601 Chesapeake St SE", "city": "Washington", "state": "DC", "zip_code": "20032", "source": "USDA FNS SNAP Retailer Location Data" }, "geometry": { "type": "Point", "coordinates": [ -76.998291, 38.829006 ] } },
{ "type": "Feature", "properties": { "id": "1098973", "name": "Circle Seven Food And Grocery Market", "category": "Convenience Store", "snap_status": "SNAP-authorized retailer", "address": "1211 Mount Olivet Rd Ne", "city": "Washington", "state": "DC", "zip_code": "20002", "source": "USDA FNS SNAP Retailer Location Data" }, "geometry": { "type": "Point", "coordinates": [ -76.984444, 38.909973 ] } },
{ "type": "Feature", "properties": { "id": "1681745", "name": "Colombia Market 1", "category": "Convenience Store", "snap_status": "SNAP-authorized retailer", "address": "1733 Columbia Rd NW", "city": "Washington", "state": "DC", "zip_code": "20009", "source": "USDA FNS SNAP Retailer Location Data" }, "geometry": { "type": "Point", "coordinates": [ -77.040207, 38.924622 ] } },
{ "type": "Feature", "properties": { "id": "1302122", "name": "Columbia Heights Service", "category": "Convenience Store", "snap_status": "SNAP-authorized retailer", "address": "3540 14th St NW", "city": "Washington", "state": "DC", "zip_code": "20010", "source": "USDA FNS SNAP Retailer Location Data" }, "geometry": { "type": "Point", "coordinates": [ -77.032738, 38.935368 ] } },
{ "type": "Feature", "properties": { "id": "1122923", "name": "Common Good City Farm", "category": "Farmers and Markets", "snap_status": "SNAP-authorized retailer", "address": "319 Oakdale Pl NW", "city": "Washington", "state": "DC", "zip_code": "20001", "source": "USDA FNS SNAP Retailer Location Data" }, "geometry": { "type": "Point", "coordinates": [ -77.015823, 38.918152 ] } },
{ "type": "Feature", "properties": { "id": "1650050", "name": "Costco Wholesale 1120", "category": "Super Store", "snap_status": "SNAP-authorized retailer", "address": "2441 Market St NE", "city": "Washington", "state": "DC", "zip_code": "20018", "source": "USDA FNS SNAP Retailer Location Data" }, "geometry": { "type": "Point", "coordinates": [ -76.950394, 38.920399 ] } },
{ "type": "Feature", "properties": { "id": "1512755", "name": "Curbside Groceries The Food Store That Comes To Y", "category": "Other", "snap_status": "SNAP-authorized retailer", "address": "4900 Puerto Rico Ave NE", "city": "Washington", "state": "DC", "zip_code": "20017", "source": "USDA FNS SNAP Retailer Location Data" }, "geometry": { "type": "Point", "coordinates": [ -76.999458, 38.947308 ] } },
{ "type": "Feature", "properties": { "id": "745706", "name": "DAILY FISH OF CHESAPEAKE", "category": "Convenience Store", "snap_status": "SNAP-authorized retailer", "address": "2250 Sherman Ave NW", "city": "Washington", "state": "DC", "zip_code": "20001", "source": "USDA FNS SNAP Retailer Location Data" }, "geometry": { "type": "Point", "coordinates": [ -77.025276, 38.920116 ] } },
{ "type": "Feature", "properties": { "id": "785366", "name": "DC SUPERMARKET", "category": "Convenience Store", "snap_status": "SNAP-authorized retailer", "address": "539 8th St NE", "city": "Washington", "state": "DC", "zip_code": "20002", "source": "USDA FNS SNAP Retailer Location Data" }, "geometry": { "type": "Point", "coordinates": [ -76.994713, 38.897179 ] } },
{ "type": "Feature", "properties": { "id": "1413867", "name": "DC Supermart", "category": "Convenience Store", "snap_status": "SNAP-authorized retailer", "address": "4975 South Dakota Ave NE", "city": "Washington", "state": "DC", "zip_code": "20017", "source": "USDA FNS SNAP Retailer Location Data" }, "geometry": { "type": "Point", "coordinates": [ -76.992638, 38.950035 ] } },
{ "type": "Feature", "properties": { "id": "802166", "name": "DELICIAS MARKET", "category": "Grocery Store", "snap_status": "SNAP-authorized retailer", "address": "5505 14th St NW", "city": "Washington", "state": "DC", "zip_code": "20011", "source": "USDA FNS SNAP Retailer Location Data" }, "geometry": { "type": "Point", "coordinates": [ -77.033386, 38.956848 ] } },
{ "type": "Feature", "properties": { "id": "1621483", "name": "DT Market", "category": "Convenience Store", "snap_status": "SNAP-authorized retailer", "address": "2101 Alabama Ave SE", "city": "Washington", "state": "DC", "zip_code": "20020", "source": "USDA FNS SNAP Retailer Location Data" }, "geometry": { "type": "Point", "coordinates": [ -76.975067, 38.850468 ] } },
{ "type": "Feature", "properties": { "id": "1520176", "name": "Dawa Group Llc", "category": "Convenience Store", "snap_status": "SNAP-authorized retailer", "address": "420 Rhode Island Ave NW", "city": "Washington", "state": "DC", "zip_code": "20001", "source": "USDA FNS SNAP Retailer Location Data" }, "geometry": { "type": "Point", "coordinates": [ -77.018173, 38.913315 ] } },
{ "type": "Feature", "properties": { "id": "1689968", "name": "Dc Best Convenience Plus 1", "category": "Other", "snap_status": "SNAP-authorized retailer", "address": "1737 Columbia Rd Nw", "city": "Washington", "state": "DC", "zip_code": "20009", "source": "USDA FNS SNAP Retailer Location Data" }, "geometry": { "type": "Point", "coordinates": [ -77.040512, 38.924335 ] } },
{ "type": "Feature", "properties": { "id": "1292674", "name": "Dc Food Market", "category": "Convenience Store", "snap_status": "SNAP-authorized retailer", "address": "2200 16th St SE", "city": "Washington", "state": "DC", "zip_code": "20020", "source": "USDA FNS SNAP Retailer Location Data" }, "geometry": { "type": "Point", "coordinates": [ -76.982643, 38.863457 ] } },
{ "type": "Feature", "properties": { "id": "1632581", "name": "Dc Mini Mart 1", "category": "Convenience Store", "snap_status": "SNAP-authorized retailer", "address": "1410 N Capitol St NW", "city": "Washington", "state": "DC", "zip_code": "20002", "source": "USDA FNS SNAP Retailer Location Data" }, "geometry": { "type": "Point", "coordinates": [ -77.009384, 38.909004 ] } },
{ "type": "Feature", "properties": { "id": "1680524", "name": "Dc Mini Supermarket", "category": "Convenience Store", "snap_status": "SNAP-authorized retailer", "address": "1828 1st St NW", "city": "Washington", "state": "DC", "zip_code": "20001", "source": "USDA FNS SNAP Retailer Location Data" }, "geometry": { "type": "Point", "coordinates": [ -77.012413, 38.915146 ] } },
{ "type": "Feature", "properties": { "id": "1645013", "name": "Deep Roots Farm", "category": "Farmers and Markets", "snap_status": "SNAP-authorized retailer", "address": "1300 E St SE", "city": "Washington", "state": "DC", "zip_code": "20003", "source": "USDA FNS SNAP Retailer Location Data" }, "geometry": { "type": "Point", "coordinates": [ -76.988235, 38.882893 ] } },
{ "type": "Feature", "properties": { "id": "1612279", "name": "Delicias Market", "category": "Convenience Store", "snap_status": "SNAP-authorized retailer", "address": "3702 14th St NW", "city": "Washington", "state": "DC", "zip_code": "20010", "source": "USDA FNS SNAP Retailer Location Data" }, "geometry": { "type": "Point", "coordinates": [ -77.033043, 38.937378 ] } },
{ "type": "Feature", "properties": { "id": "1645769", "name": "District Mart 24 7 1", "category": "Convenience Store", "snap_status": "SNAP-authorized retailer", "address": "721 H St NE", "city": "Washington", "state": "DC", "zip_code": "20002", "source": "USDA FNS SNAP Retailer Location Data" }, "geometry": { "type": "Point", "coordinates": [ -76.995361, 38.900047 ] } },
{ "type": "Feature", "properties": { "id": "1492039", "name": "Dmv Comvenience Inc", "category": "Convenience Store", "snap_status": "SNAP-authorized retailer", "address": "4053 Minnesota Ave NE", "city": "Washington", "state": "DC", "zip_code": "20019", "source": "USDA FNS SNAP Retailer Location Data" }, "geometry": { "type": "Point", "coordinates": [ -76.947525, 38.896172 ] } },
{ "type": "Feature", "properties": { "id": "1686086", "name": "Dollar Plus", "category": "Convenience Store", "snap_status": "SNAP-authorized retailer", "address": "2529 Pennsylvania Ave SE", "city": "Washington", "state": "DC", "zip_code": "20020", "source": "USDA FNS SNAP Retailer Location Data" }, "geometry": { "type": "Point", "coordinates": [ -76.969978, 38.872738 ] } },
{ "type": "Feature", "properties": { "id": "1616939", "name": "Dollar Plus C Store 1", "category": "Convenience Store", "snap_status": "SNAP-authorized retailer", "address": "609 Division Ave NE", "city": "Washington", "state": "DC", "zip_code": "20019", "source": "USDA FNS SNAP Retailer Location Data" }, "geometry": { "type": "Point", "coordinates": [ -76.925682, 38.89756 ] } },
{ "type": "Feature", "properties": { "id": "1174341", "name": "Dollar Plus Grocery 1", "category": "Convenience Store", "snap_status": "SNAP-authorized retailer", "address": "1103 Mount Olivet Rd NE", "city": "Washington", "state": "DC", "zip_code": "20002", "source": "USDA FNS SNAP Retailer Location Data" }, "geometry": { "type": "Point", "coordinates": [ -76.985634, 38.910271 ] } },
{ "type": "Feature", "properties": { "id": "905864", "name": "Dollar Tree 4081", "category": "Other", "snap_status": "SNAP-authorized retailer", "address": "1919 Michigan Ave NE", "city": "Washington", "state": "DC", "zip_code": "20018", "source": "USDA FNS SNAP Retailer Location Data" }, "geometry": { "type": "Point", "coordinates": [ -76.978401, 38.94577 ] } },
{ "type": "Feature", "properties": { "id": "1490390", "name": "Dollar Tree 8923", "category": "Other", "snap_status": "SNAP-authorized retailer", "address": "5600 Georgia Ave NW", "city": "Washington", "state": "DC", "zip_code": "20011", "source": "USDA FNS SNAP Retailer Location Data" }, "geometry": { "type": "Point", "coordinates": [ -77.028656, 38.957642 ] } },
{ "type": "Feature", "properties": { "id": "1320444", "name": "Dollar1inc", "category": "Convenience Store", "snap_status": "SNAP-authorized retailer", "address": "3414 Georgia Ave NW", "city": "Washington", "state": "DC", "zip_code": "20010", "source": "USDA FNS SNAP Retailer Location Data" }, "geometry": { "type": "Point", "coordinates": [ -77.024063, 38.932453 ] } },
{ "type": "Feature", "properties": { "id": "1586090", "name": "Dreaming Out Loud's Kelly Miller Market", "category": "Farmers and Markets", "snap_status": "SNAP-authorized retailer", "address": "301 49th St NE", "city": "Washington", "state": "DC", "zip_code": "20019", "source": "USDA FNS SNAP Retailer Location Data" }, "geometry": { "type": "Point", "coordinates": [ -76.932457, 38.893322 ] } },
{ "type": "Feature", "properties": { "id": "1128341", "name": "Each Peach Market", "category": "Grocery Store", "snap_status": "SNAP-authorized retailer", "address": "3068 Mount Pleasant St NW", "city": "Washington", "state": "DC", "zip_code": "20009", "source": "USDA FNS SNAP Retailer Location Data" }, "geometry": { "type": "Point", "coordinates": [ -77.037292, 38.928509 ] } },
{ "type": "Feature", "properties": { "id": "1623608", "name": "Eaj Inc 1", "category": "Other", "snap_status": "SNAP-authorized retailer", "address": "3420 Georgia Ave NW", "city": "Washington", "state": "DC", "zip_code": "20010", "source": "USDA FNS SNAP Retailer Location Data" }, "geometry": { "type": "Point", "coordinates": [ -77.024025, 38.932568 ] } },
{ "type": "Feature", "properties": { "id": "1582381", "name": "Educare Parkside Market", "category": "Farmers and Markets", "snap_status": "SNAP-authorized retailer", "address": "640 Anacostia Ave NE", "city": "Washington", "state": "DC", "zip_code": "20019", "source": "USDA FNS SNAP Retailer Location Data" }, "geometry": { "type": "Point", "coordinates": [ -76.95298, 38.900581 ] } },
{ "type": "Feature", "properties": { "id": "1441221", "name": "Elmira Market", "category": "Grocery Store", "snap_status": "SNAP-authorized retailer", "address": "4401 S Capitol St SW", "city": "Washington", "state": "DC", "zip_code": "20032", "source": "USDA FNS SNAP Retailer Location Data" }, "geometry": { "type": "Point", "coordinates": [ -77.007629, 38.825893 ] } },
{ "type": "Feature", "properties": { "id": "1186919", "name": "Eshet Injera", "category": "Other", "snap_status": "SNAP-authorized retailer", "address": "829 Kennedy St NW", "city": "Washington", "state": "DC", "zip_code": "20011", "source": "USDA FNS SNAP Retailer Location Data" }, "geometry": { "type": "Point", "coordinates": [ -77.025284, 38.956509 ] } },
{ "type": "Feature", "properties": { "id": "1207003", "name": "Eve Llc", "category": "Grocery Store", "snap_status": "SNAP-authorized retailer", "address": "4418 Georgia Ave Nw", "city": "Washington", "state": "DC", "zip_code": "20011", "source": "USDA FNS SNAP Retailer Location Data" }, "geometry": { "type": "Point", "coordinates": [ -77.026299, 38.944813 ] } },
{ "type": "Feature", "properties": { "id": "1416308", "name": "Express Convenience Store LLC", "category": "Convenience Store", "snap_status": "SNAP-authorized retailer", "address": "2031 Benning Rd NE", "city": "Washington", "state": "DC", "zip_code": "20002", "source": "USDA FNS SNAP Retailer Location Data" }, "geometry": { "type": "Point", "coordinates": [ -76.974442, 38.898323 ] } },
{ "type": "Feature", "properties": { "id": "728539", "name": "FOURTH ST MARKET", "category": "Convenience Store", "snap_status": "SNAP-authorized retailer", "address": "6900 4th St NW", "city": "Washington", "state": "DC", "zip_code": "20012", "source": "USDA FNS SNAP Retailer Location Data" }, "geometry": { "type": "Point", "coordinates": [ -77.018013, 38.973808 ] } },
{ "type": "Feature", "properties": { "id": "1145702", "name": "FRESHFARM By The White House Farmers Market", "category": "Farmers and Markets", "snap_status": "SNAP-authorized retailer", "address": "800 Vermont Ave  Nw", "city": "Washington", "state": "DC", "zip_code": "20420", "source": "USDA FNS SNAP Retailer Location Data" }, "geometry": { "type": "Point", "coordinates": [ -77.03492, 38.900627 ] } },
{ "type": "Feature", "properties": { "id": "1397294", "name": "FRESHFARM Cesar Chavez Farm Stand", "category": "Farmers and Markets", "snap_status": "SNAP-authorized retailer", "address": "700 Parkside Pl NE", "city": "Washington", "state": "DC", "zip_code": "20019", "source": "USDA FNS SNAP Retailer Location Data" }, "geometry": { "type": "Point", "coordinates": [ -76.949409, 38.900475 ] } },
{ "type": "Feature", "properties": { "id": "1153461", "name": "FRESHFARM CityCenterDC Farmesr Market ", "category": "Farmers and Markets", "snap_status": "SNAP-authorized retailer", "address": "1098 New York Ave NW", "city": "District of Columbia", "state": "DC", "zip_code": "20001", "source": "USDA FNS SNAP Retailer Location Data" }, "geometry": { "type": "Point", "coordinates": [ -77.026932, 38.901012 ] } },
{ "type": "Feature", "properties": { "id": "1397476", "name": "FRESHFARM Columbia Heights Farm Share", "category": "Farmers and Markets", "snap_status": "SNAP-authorized retailer", "address": "3225 14th St Nw", "city": "Washington", "state": "DC", "zip_code": "20010", "source": "USDA FNS SNAP Retailer Location Data" }, "geometry": { "type": "Point", "coordinates": [ -77.032181, 38.930023 ] } },
{ "type": "Feature", "properties": { "id": "1390508", "name": "FRESHFARM Columbia Heights Farmers Market n/a", "category": "Farmers and Markets", "snap_status": "SNAP-authorized retailer", "address": "1375 Kenyon St NW", "city": "Washington", "state": "DC", "zip_code": "20010", "source": "USDA FNS SNAP Retailer Location Data" }, "geometry": { "type": "Point", "coordinates": [ -77.031853, 38.929859 ] } },
{ "type": "Feature", "properties": { "id": "1208989", "name": "FRESHFARM Dupont Circle Farmers Market", "category": "Farmers and Markets", "snap_status": "SNAP-authorized retailer", "address": "1500 20th St Nw", "city": "Washington", "state": "DC", "zip_code": "20036", "source": "USDA FNS SNAP Retailer Location Data" }, "geometry": { "type": "Point", "coordinates": [ -77.044922, 38.909733 ] } },
{ "type": "Feature", "properties": { "id": "1145699", "name": "FRESHFARM Foggy Bottom Farmers Market", "category": "Farmers and Markets", "snap_status": "SNAP-authorized retailer", "address": "2300 I Street  Nw", "city": "Washington", "state": "DC", "zip_code": "20052", "source": "USDA FNS SNAP Retailer Location Data" }, "geometry": { "type": "Point", "coordinates": [ -77.050789, 38.900665 ] } },
{ "type": "Feature", "properties": { "id": "851059", "name": "FRESHFARM H Street Farmers Market", "category": "Farmers and Markets", "snap_status": "SNAP-authorized retailer", "address": "624 H St NE", "city": "Washington", "state": "DC", "zip_code": "20002", "source": "USDA FNS SNAP Retailer Location Data" }, "geometry": { "type": "Point", "coordinates": [ -76.997803, 38.900234 ] } },
{ "type": "Feature", "properties": { "id": "1397297", "name": "FRESHFARM Kenilworth Rec Center Farm Stand", "category": "Farmers and Markets", "snap_status": "SNAP-authorized retailer", "address": "4321 Ord St NE", "city": "Washington", "state": "DC", "zip_code": "20019", "source": "USDA FNS SNAP Retailer Location Data" }, "geometry": { "type": "Point", "coordinates": [ -76.940956, 38.90834 ] } },
{ "type": "Feature", "properties": { "id": "1397291", "name": "FRESHFARM Minnesota Ave Farm Stand", "category": "Farmers and Markets", "snap_status": "SNAP-authorized retailer", "address": "3924 Minnesota Ave NE", "city": "Washington", "state": "DC", "zip_code": "20019", "source": "USDA FNS SNAP Retailer Location Data" }, "geometry": { "type": "Point", "coordinates": [ -76.951309, 38.893932 ] } },
{ "type": "Feature", "properties": { "id": "1397287", "name": "FRESHFARM Monroe Farmers Market", "category": "Farmers and Markets", "snap_status": "SNAP-authorized retailer", "address": "716 Monroe St NE", "city": "Washington", "state": "DC", "zip_code": "20017", "source": "USDA FNS SNAP Retailer Location Data" }, "geometry": { "type": "Point", "coordinates": [ -76.99501, 38.932838 ] } },
{ "type": "Feature", "properties": { "id": "1153466", "name": "FRESHFARM Mount Vernon Triangle Farmers Market ", "category": "Farmers and Markets", "snap_status": "SNAP-authorized retailer", "address": "1025 5th St Nw", "city": "Washington", "state": "DC", "zip_code": "20001", "source": "USDA FNS SNAP Retailer Location Data" }, "geometry": { "type": "Point", "coordinates": [ -77.01889, 38.903103 ] } },
{ "type": "Feature", "properties": { "id": "1142321", "name": "FRESHFARM Penn Quarter Farmers Market", "category": "Farmers and Markets", "snap_status": "SNAP-authorized retailer", "address": "400 9th St NW", "city": "District of Columbia", "state": "DC", "zip_code": "20004", "source": "USDA FNS SNAP Retailer Location Data" }, "geometry": { "type": "Point", "coordinates": [ -77.02404, 38.894855 ] } },
{ "type": "Feature", "properties": { "id": "1397283", "name": "FRESHFARM Uptown Farmers Market", "category": "Farmers and Markets", "snap_status": "SNAP-authorized retailer", "address": "5500 Colorado Ave NW", "city": "Washington", "state": "DC", "zip_code": "20011", "source": "USDA FNS SNAP Retailer Location Data" }, "geometry": { "type": "Point", "coordinates": [ -77.033188, 38.956673 ] } },
{ "type": "Feature", "properties": { "id": "275311", "name": "FRIENDLY FOOD MARKET", "category": "Convenience Store", "snap_status": "SNAP-authorized retailer", "address": "1399 Half St SW", "city": "Washington", "state": "DC", "zip_code": "20024", "source": "USDA FNS SNAP Retailer Location Data" }, "geometry": { "type": "Point", "coordinates": [ -77.010834, 38.873135 ] } },
{ "type": "Feature", "properties": { "id": "1075230", "name": "Family Dollar 5464", "category": "Other", "snap_status": "SNAP-authorized retailer", "address": "6217 Georgia Ave NW", "city": "Washington", "state": "DC", "zip_code": "20011", "source": "USDA FNS SNAP Retailer Location Data" }, "geometry": { "type": "Point", "coordinates": [ -77.027451, 38.965656 ] } },
{ "type": "Feature", "properties": { "id": "835381", "name": "Family Dollar 6421", "category": "Other", "snap_status": "SNAP-authorized retailer", "address": "1121 H St NE", "city": "Washington", "state": "DC", "zip_code": "20002", "source": "USDA FNS SNAP Retailer Location Data" }, "geometry": { "type": "Point", "coordinates": [ -76.990685, 38.900013 ] } },
{ "type": "Feature", "properties": { "id": "834136", "name": "Family Dollar 6519", "category": "Other", "snap_status": "SNAP-authorized retailer", "address": "2305 Rhode Island Ave NE", "city": "Washington", "state": "DC", "zip_code": "20018", "source": "USDA FNS SNAP Retailer Location Data" }, "geometry": { "type": "Point", "coordinates": [ -76.973366, 38.930344 ] } },
{ "type": "Feature", "properties": { "id": "1390190", "name": "Five Star Trading Llc Dba Brightwood Mart", "category": "Convenience Store", "snap_status": "SNAP-authorized retailer", "address": "4034 Georgia Ave NW", "city": "Washington", "state": "DC", "zip_code": "20011", "source": "USDA FNS SNAP Retailer Location Data" }, "geometry": { "type": "Point", "coordinates": [ -77.025452, 38.940559 ] } },
{ "type": "Feature", "properties": { "id": "1207742", "name": "Fiyameta Grocery", "category": "Convenience Store", "snap_status": "SNAP-authorized retailer", "address": "104 Kennedy St NW", "city": "Washington", "state": "DC", "zip_code": "20011", "source": "USDA FNS SNAP Retailer Location Data" }, "geometry": { "type": "Point", "coordinates": [ -77.012093, 38.956402 ] } },
{ "type": "Feature", "properties": { "id": "1574321", "name": "Flagler Market", "category": "Convenience Store", "snap_status": "SNAP-authorized retailer", "address": "2200 Flagler Pl NW", "city": "Washington", "state": "DC", "zip_code": "20001", "source": "USDA FNS SNAP Retailer Location Data" }, "geometry": { "type": "Point", "coordinates": [ -77.013794, 38.919312 ] } },
{ "type": "Feature", "properties": { "id": "1321193", "name": "Flavor Us Market", "category": "Convenience Store", "snap_status": "SNAP-authorized retailer", "address": "1731 7th St NW", "city": "Washington", "state": "DC", "zip_code": "20001", "source": "USDA FNS SNAP Retailer Location Data" }, "geometry": { "type": "Point", "coordinates": [ -77.021652, 38.913769 ] } },
{ "type": "Feature", "properties": { "id": "1536702", "name": "Food 7 Store", "category": "Convenience Store", "snap_status": "SNAP-authorized retailer", "address": "1830 Benning Rd NE", "city": "Washington", "state": "DC", "zip_code": "20002", "source": "USDA FNS SNAP Retailer Location Data" }, "geometry": { "type": "Point", "coordinates": [ -76.976547, 38.899185 ] } },
{ "type": "Feature", "properties": { "id": "1090769", "name": "Fort Carroll Market", "category": "Convenience Store", "snap_status": "SNAP-authorized retailer", "address": "3705 Martin Luther King Jr Ave SE", "city": "Washington", "state": "DC", "zip_code": "20032", "source": "USDA FNS SNAP Retailer Location Data" }, "geometry": { "type": "Point", "coordinates": [ -77.006248, 38.837769 ] } },
{ "type": "Feature", "properties": { "id": "1173773", "name": "Fort Drum Market", "category": "Grocery Store", "snap_status": "SNAP-authorized retailer", "address": "4686 Martin Luther King Jr Ave SW", "city": "Washington", "state": "DC", "zip_code": "20032", "source": "USDA FNS SNAP Retailer Location Data" }, "geometry": { "type": "Point", "coordinates": [ -77.010674, 38.820957 ] } },
{ "type": "Feature", "properties": { "id": "1284601", "name": "Four Corners Market", "category": "Convenience Store", "snap_status": "SNAP-authorized retailer", "address": "440 Kennedy St NW", "city": "Washington", "state": "DC", "zip_code": "20011", "source": "USDA FNS SNAP Retailer Location Data" }, "geometry": { "type": "Point", "coordinates": [ -77.019424, 38.956421 ] } },
{ "type": "Feature", "properties": { "id": "1208681", "name": "Franklin Liquors & Market", "category": "Convenience Store", "snap_status": "SNAP-authorized retailer", "address": "2723 7th St NE", "city": "Washington", "state": "DC", "zip_code": "20017", "source": "USDA FNS SNAP Retailer Location Data" }, "geometry": { "type": "Point", "coordinates": [ -76.996124, 38.925381 ] } },
{ "type": "Feature", "properties": { "id": "649581", "name": "Freedom Citgo", "category": "Convenience Store", "snap_status": "SNAP-authorized retailer", "address": "1905 9th St NE", "city": "Washington", "state": "DC", "zip_code": "20018", "source": "USDA FNS SNAP Retailer Location Data" }, "geometry": { "type": "Point", "coordinates": [ -76.993744, 38.91671 ] } },
{ "type": "Feature", "properties": { "id": "1537619", "name": "Freshfarm Anacostia Community Museum Farm Stand", "category": "Farmers and Markets", "snap_status": "SNAP-authorized retailer", "address": "1901 Fort Pl SE", "city": "Washington", "state": "DC", "zip_code": "20020", "source": "USDA FNS SNAP Retailer Location Data" }, "geometry": { "type": "Point", "coordinates": [ -76.976845, 38.856579 ] } },
{ "type": "Feature", "properties": { "id": "1587945", "name": "Freshfarm Centronia Cardozo Market", "category": "Farmers and Markets", "snap_status": "SNAP-authorized retailer", "address": "1200 Clifton St NW", "city": "Washington", "state": "DC", "zip_code": "20009", "source": "USDA FNS SNAP Retailer Location Data" }, "geometry": { "type": "Point", "coordinates": [ -77.028473, 38.92218 ] } },
{ "type": "Feature", "properties": { "id": "1587942", "name": "Freshfarm Centronia Stevens Elc Market", "category": "Farmers and Markets", "snap_status": "SNAP-authorized retailer", "address": "1050 21st St NW", "city": "Washington", "state": "DC", "zip_code": "20036", "source": "USDA FNS SNAP Retailer Location Data" }, "geometry": { "type": "Point", "coordinates": [ -77.046974, 38.903168 ] } },
{ "type": "Feature", "properties": { "id": "1535145", "name": "Freshfarm Cleveland Park Farmers Market", "category": "Farmers and Markets", "snap_status": "SNAP-authorized retailer", "address": "3426 Connecticut Ave NW", "city": "Washington", "state": "DC", "zip_code": "20008", "source": "USDA FNS SNAP Retailer Location Data" }, "geometry": { "type": "Point", "coordinates": [ -77.058586, 38.934891 ] } },
{ "type": "Feature", "properties": { "id": "1623757", "name": "Freshfarm Educare Idea Market", "category": "Farmers and Markets", "snap_status": "SNAP-authorized retailer", "address": "4501 Lee St. Ne", "city": "Washington", "state": "DC", "zip_code": "20019", "source": "USDA FNS SNAP Retailer Location Data" }, "geometry": { "type": "Point", "coordinates": [ -76.936913, 38.904705 ] } },
{ "type": "Feature", "properties": { "id": "1560283", "name": "Freshfarm Kiddies Ms", "category": "Farmers and Markets", "snap_status": "SNAP-authorized retailer", "address": "1130 Varney St SE", "city": "Washington", "state": "DC", "zip_code": "20032", "source": "USDA FNS SNAP Retailer Location Data" }, "geometry": { "type": "Point", "coordinates": [ -76.98806, 38.836845 ] } },
{ "type": "Feature", "properties": { "id": "1609713", "name": "Freshfarm Thearc Farm Market", "category": "Farmers and Markets", "snap_status": "SNAP-authorized retailer", "address": "1901 Miss Ave SE", "city": "Washington", "state": "DC", "zip_code": "20020", "source": "USDA FNS SNAP Retailer Location Data" }, "geometry": { "type": "Point", "coordinates": [ -76.975327, 38.843563 ] } },
{ "type": "Feature", "properties": { "id": "1672994", "name": "Freshfarm Union Market District Farmers Market", "category": "Farmers and Markets", "snap_status": "SNAP-authorized retailer", "address": "1315 6th St Ne", "city": "Washington", "state": "DC", "zip_code": "20002", "source": "USDA FNS SNAP Retailer Location Data" }, "geometry": { "type": "Point", "coordinates": [ -76.996498, 38.908669 ] } },
{ "type": "Feature", "properties": { "id": "591877", "name": "GIANT FOOD 375", "category": "Super Store", "snap_status": "SNAP-authorized retailer", "address": "1050 Brentwood Rd NE", "city": "Washington", "state": "DC", "zip_code": "20018", "source": "USDA FNS SNAP Retailer Location Data" }, "geometry": { "type": "Point", "coordinates": [ -76.991829, 38.918945 ] } },
{ "type": "Feature", "properties": { "id": "751297", "name": "GIANT FOOD 378", "category": "Super Store", "snap_status": "SNAP-authorized retailer", "address": "1345 Park Rd NW", "city": "Washington", "state": "DC", "zip_code": "20010", "source": "USDA FNS SNAP Retailer Location Data" }, "geometry": { "type": "Point", "coordinates": [ -77.031647, 38.931076 ] } },
{ "type": "Feature", "properties": { "id": "387561", "name": "GIANT FOOD 383", "category": "Super Store", "snap_status": "SNAP-authorized retailer", "address": "4303 Connecticut Ave NW", "city": "Washington", "state": "DC", "zip_code": "20008", "source": "USDA FNS SNAP Retailer Location Data" }, "geometry": { "type": "Point", "coordinates": [ -77.063171, 38.944508 ] } },
{ "type": "Feature", "properties": { "id": "1542271", "name": "Georgia Convenience Store", "category": "Convenience Store", "snap_status": "SNAP-authorized retailer", "address": "3653 Georgia Ave NW", "city": "Washington", "state": "DC", "zip_code": "20010", "source": "USDA FNS SNAP Retailer Location Data" }, "geometry": { "type": "Point", "coordinates": [ -77.023987, 38.936001 ] } },
{ "type": "Feature", "properties": { "id": "1313891", "name": "Georgia Mart & Wireless Llc 1", "category": "Grocery Store", "snap_status": "SNAP-authorized retailer", "address": "3547 Georgia Ave Nw", "city": "Washington", "state": "DC", "zip_code": "20010", "source": "USDA FNS SNAP Retailer Location Data" }, "geometry": { "type": "Point", "coordinates": [ -77.023918, 38.934055 ] } },
{ "type": "Feature", "properties": { "id": "1115340", "name": "Giant 2376", "category": "Super Store", "snap_status": "SNAP-authorized retailer", "address": "1400 7th St NW", "city": "Washington", "state": "DC", "zip_code": "20001", "source": "USDA FNS SNAP Retailer Location Data" }, "geometry": { "type": "Point", "coordinates": [ -77.02195, 38.908989 ] } },
{ "type": "Feature", "properties": { "id": "1090384", "name": "Giant 2381", "category": "Super Store", "snap_status": "SNAP-authorized retailer", "address": "300 H Street NE", "city": "Washington", "state": "DC", "zip_code": "20002", "source": "USDA FNS SNAP Retailer Location Data" }, "geometry": { "type": "Point", "coordinates": [ -77.001648, 38.900436 ] } },
{ "type": "Feature", "properties": { "id": "456554", "name": "Giant Food 2379", "category": "Super Store", "snap_status": "SNAP-authorized retailer", "address": "3336 Wisconsin Ave NW", "city": "Washington", "state": "DC", "zip_code": "20016", "source": "USDA FNS SNAP Retailer Location Data" }, "geometry": { "type": "Point", "coordinates": [ -77.072495, 38.934551 ] } },
{ "type": "Feature", "properties": { "id": "1667355", "name": "Glover Park Market", "category": "Grocery Store", "snap_status": "SNAP-authorized retailer", "address": "2411 37th St Nw", "city": "Washington", "state": "DC", "zip_code": "20007", "source": "USDA FNS SNAP Retailer Location Data" }, "geometry": { "type": "Point", "coordinates": [ -77.072891, 38.92149 ] } },
{ "type": "Feature", "properties": { "id": "1683900", "name": "Grab N Go 1", "category": "Convenience Store", "snap_status": "SNAP-authorized retailer", "address": "3962 Minnesota Ave NE", "city": "Washington", "state": "DC", "zip_code": "20019", "source": "USDA FNS SNAP Retailer Location Data" }, "geometry": { "type": "Point", "coordinates": [ -76.949821, 38.894966 ] } },
{ "type": "Feature", "properties": { "id": "1658543", "name": "Grab N Go Convenience 1", "category": "Convenience Store", "snap_status": "SNAP-authorized retailer", "address": "1918 14th St SE", "city": "Washington", "state": "DC", "zip_code": "20020", "source": "USDA FNS SNAP Retailer Location Data" }, "geometry": { "type": "Point", "coordinates": [ -76.984741, 38.866432 ] } },
{ "type": "Feature", "properties": { "id": "866160", "name": "Gray's Market", "category": "Convenience Store", "snap_status": "SNAP-authorized retailer", "address": "3306 Georgia Ave NW", "city": "Washington", "state": "DC", "zip_code": "20010", "source": "USDA FNS SNAP Retailer Location Data" }, "geometry": { "type": "Point", "coordinates": [ -77.023811, 38.93129 ] } },
{ "type": "Feature", "properties": { "id": "1209038", "name": "Grubb's Pharmacy Se Inc. 100", "category": "Other", "snap_status": "SNAP-authorized retailer", "address": "1800 Martin Luther King Jr Ave SE", "city": "Washington", "state": "DC", "zip_code": "20020", "source": "USDA FNS SNAP Retailer Location Data" }, "geometry": { "type": "Point", "coordinates": [ -76.98806, 38.867577 ] } },
{ "type": "Feature", "properties": { "id": "845516", "name": "Harris Teeter 231", "category": "Super Store", "snap_status": "SNAP-authorized retailer", "address": "1631 Kalorama Rd NW", "city": "Washington", "state": "DC", "zip_code": "20009", "source": "USDA FNS SNAP Retailer Location Data" }, "geometry": { "type": "Point", "coordinates": [ -77.038467, 38.921974 ] } },
{ "type": "Feature", "properties": { "id": "1673270", "name": "Harris Teeter 352", "category": "Super Store", "snap_status": "SNAP-authorized retailer", "address": "1201 1st St NE", "city": "Washington", "state": "DC", "zip_code": "20002", "source": "USDA FNS SNAP Retailer Location Data" }, "geometry": { "type": "Point", "coordinates": [ -77.005608, 38.905941 ] } },
{ "type": "Feature", "properties": { "id": "1171420", "name": "Harris Teeter 383", "category": "Super Store", "snap_status": "SNAP-authorized retailer", "address": "401 M St SE", "city": "Washington", "state": "DC", "zip_code": "20003", "source": "USDA FNS SNAP Retailer Location Data" }, "geometry": { "type": "Point", "coordinates": [ -77.000473, 38.876453 ] } },
{ "type": "Feature", "properties": { "id": "1433683", "name": "Hayat Inc 1", "category": "Convenience Store", "snap_status": "SNAP-authorized retailer", "address": "6217 Dix St NE", "city": "Washington", "state": "DC", "zip_code": "20019", "source": "USDA FNS SNAP Retailer Location Data" }, "geometry": { "type": "Point", "coordinates": [ -76.911507, 38.894161 ] } },
{ "type": "Feature", "properties": { "id": "1398383", "name": "House Of Ruth Family Share", "category": "Farmers and Markets", "snap_status": "SNAP-authorized retailer", "address": "2011 Savannah St SE", "city": "Washington", "state": "DC", "zip_code": "20020", "source": "USDA FNS SNAP Retailer Location Data" }, "geometry": { "type": "Point", "coordinates": [ -76.974762, 38.846546 ] } },
{ "type": "Feature", "properties": { "id": "885166", "name": "INTERNATIONAL PROGRESO MARKET 2", "category": "Grocery Store", "snap_status": "SNAP-authorized retailer", "address": "7719 Georgia Ave NW", "city": "Washington", "state": "DC", "zip_code": "20012", "source": "USDA FNS SNAP Retailer Location Data" }, "geometry": { "type": "Point", "coordinates": [ -77.02652, 38.983124 ] } },
{ "type": "Feature", "properties": { "id": "823415", "name": "International Progresso Market", "category": "Supermarket", "snap_status": "SNAP-authorized retailer", "address": "3158 Mount Pleasant St NW", "city": "Washington", "state": "DC", "zip_code": "20010", "source": "USDA FNS SNAP Retailer Location Data" }, "geometry": { "type": "Point", "coordinates": [ -77.038002, 38.930279 ] } },
{ "type": "Feature", "properties": { "id": "1120930", "name": "Intoto Llc", "category": "Other", "snap_status": "SNAP-authorized retailer", "address": "6406 Georgia Ave NW", "city": "Washington", "state": "DC", "zip_code": "20012", "source": "USDA FNS SNAP Retailer Location Data" }, "geometry": { "type": "Point", "coordinates": [ -77.027794, 38.967831 ] } },
{ "type": "Feature", "properties": { "id": "1266775", "name": "Ivy City Smokehouse", "category": "Specialty Store", "snap_status": "SNAP-authorized retailer", "address": "1356 Okie St Ne", "city": "Washington", "state": "DC", "zip_code": "20002", "source": "USDA FNS SNAP Retailer Location Data" }, "geometry": { "type": "Point", "coordinates": [ -76.985489, 38.914467 ] } },
{ "type": "Feature", "properties": { "id": "432071", "name": "JOCELYN'S MARKET", "category": "Grocery Store", "snap_status": "SNAP-authorized retailer", "address": "6404 Georgia Ave NW", "city": "Washington", "state": "DC", "zip_code": "20012", "source": "USDA FNS SNAP Retailer Location Data" }, "geometry": { "type": "Point", "coordinates": [ -77.027802, 38.96777 ] } },
{ "type": "Feature", "properties": { "id": "1491688", "name": "Jm Enterprise Llc", "category": "Convenience Store", "snap_status": "SNAP-authorized retailer", "address": "1231 New York Ave NE", "city": "Washington", "state": "DC", "zip_code": "20002", "source": "USDA FNS SNAP Retailer Location Data" }, "geometry": { "type": "Point", "coordinates": [ -76.988586, 38.914066 ] } },
{ "type": "Feature", "properties": { "id": "1539137", "name": "K Fresh Market", "category": "Farmers and Markets", "snap_status": "SNAP-authorized retailer", "address": "2726 Martin Luther King Jr Ave Se", "city": "Washington", "state": "DC", "zip_code": "20020", "source": "USDA FNS SNAP Retailer Location Data" }, "geometry": { "type": "Point", "coordinates": [ -76.994125, 38.851887 ] } },
{ "type": "Feature", "properties": { "id": "1663558", "name": "Kale Kastle Farms", "category": "Farmers and Markets", "snap_status": "SNAP-authorized retailer", "address": "4710 15th St NW", "city": "Washington", "state": "DC", "zip_code": "20011", "source": "USDA FNS SNAP Retailer Location Data" }, "geometry": { "type": "Point", "coordinates": [ -77.03479, 38.947632 ] } },
{ "type": "Feature", "properties": { "id": "1323339", "name": "Ken Mart", "category": "Convenience Store", "snap_status": "SNAP-authorized retailer", "address": "1507 Kenilworth Ave Ne", "city": "Washington", "state": "DC", "zip_code": "20019", "source": "USDA FNS SNAP Retailer Location Data" }, "geometry": { "type": "Point", "coordinates": [ -76.935783, 38.90979 ] } },
{ "type": "Feature", "properties": { "id": "1631693", "name": "Kenynur Inc 1", "category": "Convenience Store", "snap_status": "SNAP-authorized retailer", "address": "831 Kennedy St NW", "city": "Washington", "state": "DC", "zip_code": "20011", "source": "USDA FNS SNAP Retailer Location Data" }, "geometry": { "type": "Point", "coordinates": [ -77.025345, 38.956505 ] } },
{ "type": "Feature", "properties": { "id": "1666552", "name": "Kwik Stop", "category": "Grocery Store", "snap_status": "SNAP-authorized retailer", "address": "4801 Georgia Ave Nw", "city": "Washington", "state": "DC", "zip_code": "20011", "source": "USDA FNS SNAP Retailer Location Data" }, "geometry": { "type": "Point", "coordinates": [ -77.026688, 38.948429 ] } },
{ "type": "Feature", "properties": { "id": "1431542", "name": "La Herradura Supermarket ", "category": "Grocery Store", "snap_status": "SNAP-authorized retailer", "address": "3412 Georgia Ave NW", "city": "Washington", "state": "DC", "zip_code": "20010", "source": "USDA FNS SNAP Retailer Location Data" }, "geometry": { "type": "Point", "coordinates": [ -77.024055, 38.932404 ] } },
{ "type": "Feature", "properties": { "id": "958081", "name": "Lamont Market", "category": "Convenience Store", "snap_status": "SNAP-authorized retailer", "address": "450 Lamont St NW", "city": "Washington", "state": "DC", "zip_code": "20010", "source": "USDA FNS SNAP Retailer Location Data" }, "geometry": { "type": "Point", "coordinates": [ -77.019928, 38.931232 ] } },
{ "type": "Feature", "properties": { "id": "1181768", "name": "Ledroit Market", "category": "Convenience Store", "snap_status": "SNAP-authorized retailer", "address": "1901 4th St NW", "city": "Washington", "state": "DC", "zip_code": "20001", "source": "USDA FNS SNAP Retailer Location Data" }, "geometry": { "type": "Point", "coordinates": [ -77.017227, 38.916061 ] } },
{ "type": "Feature", "properties": { "id": "961874", "name": "Lees Mini Market", "category": "Convenience Store", "snap_status": "SNAP-authorized retailer", "address": "3853 Alabama Ave SE", "city": "Washington", "state": "DC", "zip_code": "20020", "source": "USDA FNS SNAP Retailer Location Data" }, "geometry": { "type": "Point", "coordinates": [ -76.949875, 38.866199 ] } },
{ "type": "Feature", "properties": { "id": "911171", "name": "Lena Market", "category": "Other", "snap_status": "SNAP-authorized retailer", "address": "1206 Underwood St NW", "city": "Washington", "state": "DC", "zip_code": "20012", "source": "USDA FNS SNAP Retailer Location Data" }, "geometry": { "type": "Point", "coordinates": [ -77.027832, 38.968765 ] } },
{ "type": "Feature", "properties": { "id": "1517578", "name": "Lidl 1436", "category": "Super Store", "snap_status": "SNAP-authorized retailer", "address": "2224 Town Center Dr SE", "city": "Washington", "state": "DC", "zip_code": "20020", "source": "USDA FNS SNAP Retailer Location Data" }, "geometry": { "type": "Point", "coordinates": [ -76.967583, 38.861549 ] } },
{ "type": "Feature", "properties": { "id": "1551394", "name": "Lidl 1542", "category": "Super Store", "snap_status": "SNAP-authorized retailer", "address": "3100 14th St NW", "city": "Washington", "state": "DC", "zip_code": "20010", "source": "USDA FNS SNAP Retailer Location Data" }, "geometry": { "type": "Point", "coordinates": [ -77.03299, 38.92931 ] } },
{ "type": "Feature", "properties": { "id": "1611761", "name": "Lidl 1557", "category": "Super Store", "snap_status": "SNAP-authorized retailer", "address": "4000 Wisconsin Ave NW", "city": "Washington", "state": "DC", "zip_code": "20016", "source": "USDA FNS SNAP Retailer Location Data" }, "geometry": { "type": "Point", "coordinates": [ -77.077255, 38.941711 ] } },
{ "type": "Feature", "properties": { "id": "1054306", "name": "Liffs Market", "category": "Convenience Store", "snap_status": "SNAP-authorized retailer", "address": "600 Alabama Ave SE", "city": "Washington", "state": "DC", "zip_code": "20032", "source": "USDA FNS SNAP Retailer Location Data" }, "geometry": { "type": "Point", "coordinates": [ -76.997589, 38.843426 ] } },
{ "type": "Feature", "properties": { "id": "818685", "name": "Los Primos", "category": "Convenience Store", "snap_status": "SNAP-authorized retailer", "address": "3170 Mount Pleasant St NW", "city": "Washington", "state": "DC", "zip_code": "20010", "source": "USDA FNS SNAP Retailer Location Data" }, "geometry": { "type": "Point", "coordinates": [ -77.038292, 38.93055 ] } },
{ "type": "Feature", "properties": { "id": "1587439", "name": "Lucky Corner Store 1", "category": "Convenience Store", "snap_status": "SNAP-authorized retailer", "address": "5415 Georgia Ave NW", "city": "Washington", "state": "DC", "zip_code": "20011", "source": "USDA FNS SNAP Retailer Location Data" }, "geometry": { "type": "Point", "coordinates": [ -77.02771, 38.955681 ] } },
{ "type": "Feature", "properties": { "id": "678606", "name": "MISSOURI AVENUE MARKET", "category": "Convenience Store", "snap_status": "SNAP-authorized retailer", "address": "5900 Georgia Ave NW", "city": "Washington", "state": "DC", "zip_code": "20011", "source": "USDA FNS SNAP Retailer Location Data" }, "geometry": { "type": "Point", "coordinates": [ -77.028435, 38.961517 ] } },
{ "type": "Feature", "properties": { "id": "1174880", "name": "MOM's Organic Market 12", "category": "Super Store", "snap_status": "SNAP-authorized retailer", "address": "1501 New York Ave Ne", "city": "Washington", "state": "DC", "zip_code": "20002", "source": "USDA FNS SNAP Retailer Location Data" }, "geometry": { "type": "Point", "coordinates": [ -76.983353, 38.916229 ] } },
{ "type": "Feature", "properties": { "id": "1642028", "name": "MOM's Organic Market 27", "category": "Super Store", "snap_status": "SNAP-authorized retailer", "address": "6250 Connecticut Ave NW", "city": "Washington", "state": "DC", "zip_code": "20008", "source": "USDA FNS SNAP Retailer Location Data" }, "geometry": { "type": "Point", "coordinates": [ -77.049133, 38.919537 ] } },
{ "type": "Feature", "properties": { "id": "1676288", "name": "Ma Mobile & Accessories 1", "category": "Convenience Store", "snap_status": "SNAP-authorized retailer", "address": "1551 Maryland Ave NE", "city": "Washington", "state": "DC", "zip_code": "20002", "source": "USDA FNS SNAP Retailer Location Data" }, "geometry": { "type": "Point", "coordinates": [ -76.980789, 38.900547 ] } },
{ "type": "Feature", "properties": { "id": "1667258", "name": "Macs Wine And Liquors", "category": "Convenience Store", "snap_status": "SNAP-authorized retailer", "address": "401 Rhode Island Ave NE", "city": "Washington", "state": "DC", "zip_code": "20002", "source": "USDA FNS SNAP Retailer Location Data" }, "geometry": { "type": "Point", "coordinates": [ -77.000366, 38.919594 ] } },
{ "type": "Feature", "properties": { "id": "1686214", "name": "Marion Barry Avenue And Cafe", "category": "Convenience Store", "snap_status": "SNAP-authorized retailer", "address": "1303 Marion Barry Ave SE", "city": "Washington", "state": "DC", "zip_code": "20020", "source": "USDA FNS SNAP Retailer Location Data" }, "geometry": { "type": "Point", "coordinates": [ -76.986847, 38.866833 ] } },
{ "type": "Feature", "properties": { "id": "1302774", "name": "Market Poultry 8", "category": "Specialty Store", "snap_status": "SNAP-authorized retailer", "address": "225 7th St SE", "city": "Washington", "state": "DC", "zip_code": "20003", "source": "USDA FNS SNAP Retailer Location Data" }, "geometry": { "type": "Point", "coordinates": [ -76.996468, 38.886421 ] } },
{ "type": "Feature", "properties": { "id": "1597137", "name": "Martha's Market", "category": "Convenience Store", "snap_status": "SNAP-authorized retailer", "address": "2400 Minnesota Ave SE", "city": "Washington", "state": "DC", "zip_code": "20020", "source": "USDA FNS SNAP Retailer Location Data" }, "geometry": { "type": "Point", "coordinates": [ -76.972252, 38.87299 ] } },
{ "type": "Feature", "properties": { "id": "1566070", "name": "Maryland Ave Shell Convenience Store", "category": "Convenience Store", "snap_status": "SNAP-authorized retailer", "address": "1400 Maryland Ave NE", "city": "Washington", "state": "DC", "zip_code": "20002", "source": "USDA FNS SNAP Retailer Location Data" }, "geometry": { "type": "Point", "coordinates": [ -76.985184, 38.899815 ] } },
{ "type": "Feature", "properties": { "id": "1264633", "name": "Mas Inc", "category": "Convenience Store", "snap_status": "SNAP-authorized retailer", "address": "3710 Minnesota Ave NE", "city": "Washington", "state": "DC", "zip_code": "20019", "source": "USDA FNS SNAP Retailer Location Data" }, "geometry": { "type": "Point", "coordinates": [ -76.952377, 38.890808 ] } },
{ "type": "Feature", "properties": { "id": "1538830", "name": "Maya Market & Deli", "category": "Convenience Store", "snap_status": "SNAP-authorized retailer", "address": "233 Upshur St NW", "city": "Washington", "state": "DC", "zip_code": "20011", "source": "USDA FNS SNAP Retailer Location Data" }, "geometry": { "type": "Point", "coordinates": [ -77.015228, 38.942364 ] } },
{ "type": "Feature", "properties": { "id": "844439", "name": "Mellon Convenience Store", "category": "Grocery Store", "snap_status": "SNAP-authorized retailer", "address": "2921 Martin Luther King Jr Ave SE", "city": "Washington", "state": "DC", "zip_code": "20032", "source": "USDA FNS SNAP Retailer Location Data" }, "geometry": { "type": "Point", "coordinates": [ -76.997292, 38.845291 ] } },
{ "type": "Feature", "properties": { "id": "1298107", "name": "Menick's Market", "category": "Convenience Store", "snap_status": "SNAP-authorized retailer", "address": "4401 Nannie Helen Burroughs Ave Ne", "city": "Washington", "state": "DC", "zip_code": "20019", "source": "USDA FNS SNAP Retailer Location Data" }, "geometry": { "type": "Point", "coordinates": [ -76.93914, 38.900448 ] } },
{ "type": "Feature", "properties": { "id": "1311983", "name": "Menkem LLC", "category": "Grocery Store", "snap_status": "SNAP-authorized retailer", "address": "4202 Benning Rd NE", "city": "Washington", "state": "DC", "zip_code": "20019", "source": "USDA FNS SNAP Retailer Location Data" }, "geometry": { "type": "Point", "coordinates": [ -76.942314, 38.89312 ] } },
{ "type": "Feature", "properties": { "id": "1583560", "name": "Meye Group Inc", "category": "Convenience Store", "snap_status": "SNAP-authorized retailer", "address": "2300 South Dakota Ave NE", "city": "Washington", "state": "DC", "zip_code": "20018", "source": "USDA FNS SNAP Retailer Location Data" }, "geometry": { "type": "Point", "coordinates": [ -76.959549, 38.920864 ] } },
{ "type": "Feature", "properties": { "id": "1627855", "name": "Mimi Grocery", "category": "Convenience Store", "snap_status": "SNAP-authorized retailer", "address": "1401 6th St NW", "city": "Washington", "state": "DC", "zip_code": "20001", "source": "USDA FNS SNAP Retailer Location Data" }, "geometry": { "type": "Point", "coordinates": [ -77.019699, 38.908733 ] } },
{ "type": "Feature", "properties": { "id": "1684168", "name": "Minnesota Ave Farmers' Market", "category": "Farmers and Markets", "snap_status": "SNAP-authorized retailer", "address": "4701 Minnesota Ave NE", "city": "Washington", "state": "DC", "zip_code": "20019", "source": "USDA FNS SNAP Retailer Location Data" }, "geometry": { "type": "Point", "coordinates": [ -76.934601, 38.907398 ] } },
{ "type": "Feature", "properties": { "id": "1682572", "name": "Minnesota Big Market", "category": "Convenience Store", "snap_status": "SNAP-authorized retailer", "address": "2924 Minnesota Ave SE", "city": "Washington", "state": "DC", "zip_code": "20019", "source": "USDA FNS SNAP Retailer Location Data" }, "geometry": { "type": "Point", "coordinates": [ -76.96537, 38.876369 ] } },
{ "type": "Feature", "properties": { "id": "1676359", "name": "Montello Market", "category": "Convenience Store", "snap_status": "SNAP-authorized retailer", "address": "1613 Montello Ave NE", "city": "Washington", "state": "DC", "zip_code": "20002", "source": "USDA FNS SNAP Retailer Location Data" }, "geometry": { "type": "Point", "coordinates": [ -76.986664, 38.907349 ] } },
{ "type": "Feature", "properties": { "id": "1311131", "name": "Moos Llc", "category": "Convenience Store", "snap_status": "SNAP-authorized retailer", "address": "5010 Benning Rd SE", "city": "Washington", "state": "DC", "zip_code": "20019", "source": "USDA FNS SNAP Retailer Location Data" }, "geometry": { "type": "Point", "coordinates": [ -76.931358, 38.878139 ] } },
{ "type": "Feature", "properties": { "id": "873666", "name": "Moruss Seafood & Crabhouse", "category": "Specialty Store", "snap_status": "SNAP-authorized retailer", "address": "2902 Minnesota Ave SE", "city": "Washington", "state": "DC", "zip_code": "20019", "source": "USDA FNS SNAP Retailer Location Data" }, "geometry": { "type": "Point", "coordinates": [ -76.965797, 38.876179 ] } },
{ "type": "Feature", "properties": { "id": "1341529", "name": "Nam's Market", "category": "Convenience Store", "snap_status": "SNAP-authorized retailer", "address": "1327 W St SE", "city": "Washington", "state": "DC", "zip_code": "20020", "source": "USDA FNS SNAP Retailer Location Data" }, "geometry": { "type": "Point", "coordinates": [ -76.986748, 38.864204 ] } },
{ "type": "Feature", "properties": { "id": "1482102", "name": "Nashim Llc", "category": "Convenience Store", "snap_status": "SNAP-authorized retailer", "address": "3701 12th St NE", "city": "Washington", "state": "DC", "zip_code": "20017", "source": "USDA FNS SNAP Retailer Location Data" }, "geometry": { "type": "Point", "coordinates": [ -76.990875, 38.934799 ] } },
{ "type": "Feature", "properties": { "id": "1496591", "name": "Natu Market", "category": "Convenience Store", "snap_status": "SNAP-authorized retailer", "address": "2339 Pennsylvania Ave SE", "city": "Washington", "state": "DC", "zip_code": "20020", "source": "USDA FNS SNAP Retailer Location Data" }, "geometry": { "type": "Point", "coordinates": [ -76.97187, 38.87365 ] } },
{ "type": "Feature", "properties": { "id": "1427822", "name": "Neighborhood Market n/a", "category": "Convenience Store", "snap_status": "SNAP-authorized retailer", "address": "1611 Rhode Island Ave NE", "city": "Washington", "state": "DC", "zip_code": "20018", "source": "USDA FNS SNAP Retailer Location Data" }, "geometry": { "type": "Point", "coordinates": [ -76.98127, 38.926231 ] } },
{ "type": "Feature", "properties": { "id": "1207420", "name": "New Dodge Market", "category": "Convenience Store", "snap_status": "SNAP-authorized retailer", "address": "3620 14th St NW", "city": "Washington", "state": "DC", "zip_code": "20010", "source": "USDA FNS SNAP Retailer Location Data" }, "geometry": { "type": "Point", "coordinates": [ -77.033028, 38.937016 ] } },
{ "type": "Feature", "properties": { "id": "1001295", "name": "Newton Food Mart", "category": "Grocery Store", "snap_status": "SNAP-authorized retailer", "address": "3600 12th St NE", "city": "Washington", "state": "DC", "zip_code": "20017", "source": "USDA FNS SNAP Retailer Location Data" }, "geometry": { "type": "Point", "coordinates": [ -76.991127, 38.933739 ] } },
{ "type": "Feature", "properties": { "id": "1230667", "name": "Northeast Supermarket", "category": "Grocery Store", "snap_status": "SNAP-authorized retailer", "address": "1201 Mount Olivet Rd Ne", "city": "Washington", "state": "DC", "zip_code": "20002", "source": "USDA FNS SNAP Retailer Location Data" }, "geometry": { "type": "Point", "coordinates": [ -76.984749, 38.910084 ] } },
{ "type": "Feature", "properties": { "id": "516147", "name": "OGDEN MARKET", "category": "Convenience Store", "snap_status": "SNAP-authorized retailer", "address": "1500 Ogden St NW", "city": "Washington", "state": "DC", "zip_code": "20010", "source": "USDA FNS SNAP Retailer Location Data" }, "geometry": { "type": "Point", "coordinates": [ -77.034836, 38.935471 ] } },
{ "type": "Feature", "properties": { "id": "1487218", "name": "Ocean Front Liquors", "category": "Convenience Store", "snap_status": "SNAP-authorized retailer", "address": "4682 Mlk Jr Ave SW", "city": "Washington", "state": "DC", "zip_code": "20032", "source": "USDA FNS SNAP Retailer Location Data" }, "geometry": { "type": "Point", "coordinates": [ -77.010651, 38.821129 ] } },
{ "type": "Feature", "properties": { "id": "797538", "name": "PAIK PRODUCE", "category": "Grocery Store", "snap_status": "SNAP-authorized retailer", "address": "225 7th St SE", "city": "Washington", "state": "DC", "zip_code": "20003", "source": "USDA FNS SNAP Retailer Location Data" }, "geometry": { "type": "Point", "coordinates": [ -76.996468, 38.886421 ] } },
{ "type": "Feature", "properties": { "id": "300163", "name": "PANAMERICANA GROCERY", "category": "Super Store", "snap_status": "SNAP-authorized retailer", "address": "3552 14th St NW", "city": "Washington", "state": "DC", "zip_code": "20010", "source": "USDA FNS SNAP Retailer Location Data" }, "geometry": { "type": "Point", "coordinates": [ -77.033081, 38.935898 ] } },
{ "type": "Feature", "properties": { "id": "1668063", "name": "Palisades Market & Deli 1", "category": "Convenience Store", "snap_status": "SNAP-authorized retailer", "address": "4554 Macarthur Blvd NW", "city": "Washington", "state": "DC", "zip_code": "20007", "source": "USDA FNS SNAP Retailer Location Data" }, "geometry": { "type": "Point", "coordinates": [ -77.08754, 38.909081 ] } },
{ "type": "Feature", "properties": { "id": "1041275", "name": "Parkway Shell Convenience Store", "category": "Convenience Store", "snap_status": "SNAP-authorized retailer", "address": "1765 New York Ave NE", "city": "Washington", "state": "DC", "zip_code": "20002", "source": "USDA FNS SNAP Retailer Location Data" }, "geometry": { "type": "Point", "coordinates": [ -76.979263, 38.917194 ] } },
{ "type": "Feature", "properties": { "id": "990375", "name": "Patron Convenience Store", "category": "Convenience Store", "snap_status": "SNAP-authorized retailer", "address": "3235 Pennsylvania Ave SE", "city": "Washington", "state": "DC", "zip_code": "20020", "source": "USDA FNS SNAP Retailer Location Data" }, "geometry": { "type": "Point", "coordinates": [ -76.959435, 38.868465 ] } },
{ "type": "Feature", "properties": { "id": "1521026", "name": "Penn Shop", "category": "Convenience Store", "snap_status": "SNAP-authorized retailer", "address": "2324B Pennsylvania Ave SE", "city": "Washington", "state": "DC", "zip_code": "20020", "source": "USDA FNS SNAP Retailer Location Data" }, "geometry": { "type": "Point", "coordinates": [ -76.971764, 38.874176 ] } },
{ "type": "Feature", "properties": { "id": "968361", "name": "Penn Way Market", "category": "Convenience Store", "snap_status": "SNAP-authorized retailer", "address": "3833 Pennsylvania Ave SE", "city": "Washington", "state": "DC", "zip_code": "20020", "source": "USDA FNS SNAP Retailer Location Data" }, "geometry": { "type": "Point", "coordinates": [ -76.951447, 38.865128 ] } },
{ "type": "Feature", "properties": { "id": "1573561", "name": "Petworth Community Market", "category": "Farmers and Markets", "snap_status": "SNAP-authorized retailer", "address": "4021 9th St NW", "city": "Washington", "state": "DC", "zip_code": "20011", "source": "USDA FNS SNAP Retailer Location Data" }, "geometry": { "type": "Point", "coordinates": [ -77.024704, 38.94051 ] } },
{ "type": "Feature", "properties": { "id": "1648013", "name": "Petworth Corner Market", "category": "Convenience Store", "snap_status": "SNAP-authorized retailer", "address": "3715 Georgia Ave NW", "city": "Washington", "state": "DC", "zip_code": "20010", "source": "USDA FNS SNAP Retailer Location Data" }, "geometry": { "type": "Point", "coordinates": [ -77.024216, 38.937233 ] } },
{ "type": "Feature", "properties": { "id": "1038405", "name": "Philmatt Afrik Inc dba Afrik International Market 2", "category": "Other", "snap_status": "SNAP-authorized retailer", "address": "411 Morse St NE", "city": "Washington", "state": "DC", "zip_code": "20002", "source": "USDA FNS SNAP Retailer Location Data" }, "geometry": { "type": "Point", "coordinates": [ -76.999565, 38.907665 ] } },
{ "type": "Feature", "properties": { "id": "1241868", "name": "Pro Bono Enterprises Inc", "category": "Grocery Store", "snap_status": "SNAP-authorized retailer", "address": "5403 Georgia Ave NW", "city": "Washington", "state": "DC", "zip_code": "20011", "source": "USDA FNS SNAP Retailer Location Data" }, "geometry": { "type": "Point", "coordinates": [ -77.027649, 38.95536 ] } },
{ "type": "Feature", "properties": { "id": "1537623", "name": "Pufh 2 - Ccdc Csa", "category": "Farmers and Markets", "snap_status": "SNAP-authorized retailer", "address": "1098 New York Ave Nw", "city": "Washington", "state": "DC", "zip_code": "20001", "source": "USDA FNS SNAP Retailer Location Data" }, "geometry": { "type": "Point", "coordinates": [ -77.026932, 38.901012 ] } },
{ "type": "Feature", "properties": { "id": "1536769", "name": "Pufh 3 - Minnesota Csa", "category": "Farmers and Markets", "snap_status": "SNAP-authorized retailer", "address": "322 40th St NE", "city": "Washington", "state": "DC", "zip_code": "20019", "source": "USDA FNS SNAP Retailer Location Data" }, "geometry": { "type": "Point", "coordinates": [ -76.947456, 38.893139 ] } },
{ "type": "Feature", "properties": { "id": "1551784", "name": "Quality 01 Convenience Store", "category": "Convenience Store", "snap_status": "SNAP-authorized retailer", "address": "2922 1/2 Martin Luther King Jr Ave SE", "city": "Washington", "state": "DC", "zip_code": "20032", "source": "USDA FNS SNAP Retailer Location Data" }, "geometry": { "type": "Point", "coordinates": [ -76.99688, 38.845329 ] } },
{ "type": "Feature", "properties": { "id": "1105510", "name": "Quick Trip 24 Llc 1", "category": "Convenience Store", "snap_status": "SNAP-authorized retailer", "address": "1356 Brentwood Rd NE", "city": "Washington", "state": "DC", "zip_code": "20018", "source": "USDA FNS SNAP Retailer Location Data" }, "geometry": { "type": "Point", "coordinates": [ -76.986046, 38.925064 ] } },
{ "type": "Feature", "properties": { "id": "616688", "name": "RAFALS GROCERY & DELI", "category": "Grocery Store", "snap_status": "SNAP-authorized retailer", "address": "233 Florida Ave NW", "city": "Washington", "state": "DC", "zip_code": "20001", "source": "USDA FNS SNAP Retailer Location Data" }, "geometry": { "type": "Point", "coordinates": [ -77.015221, 38.913467 ] } },
{ "type": "Feature", "properties": { "id": "1314124", "name": "Ram Grocery", "category": "Convenience Store", "snap_status": "SNAP-authorized retailer", "address": "3509 Wheeler Rd Se", "city": "Washington", "state": "DC", "zip_code": "20032", "source": "USDA FNS SNAP Retailer Location Data" }, "geometry": { "type": "Point", "coordinates": [ -76.993622, 38.839203 ] } },
{ "type": "Feature", "properties": { "id": "1328042", "name": "Rayan Inc 1", "category": "Convenience Store", "snap_status": "SNAP-authorized retailer", "address": "3459 14th St NW", "city": "Washington", "state": "DC", "zip_code": "20010", "source": "USDA FNS SNAP Retailer Location Data" }, "geometry": { "type": "Point", "coordinates": [ -77.032425, 38.933731 ] } },
{ "type": "Feature", "properties": { "id": "972414", "name": "Rodman's Discount Food & Drug", "category": "Grocery Store", "snap_status": "SNAP-authorized retailer", "address": "5100 Wisconsin Ave NW", "city": "Washington", "state": "DC", "zip_code": "20016", "source": "USDA FNS SNAP Retailer Location Data" }, "geometry": { "type": "Point", "coordinates": [ -77.083862, 38.956375 ] } },
{ "type": "Feature", "properties": { "id": "1496907", "name": "Royal Oats Farms NAFMNP", "category": "Farmers and Markets", "snap_status": "SNAP-authorized retailer", "address": "4631 Hunt Pl NE", "city": "Washington", "state": "DC", "zip_code": "20019", "source": "USDA FNS SNAP Retailer Location Data" }, "geometry": { "type": "Point", "coordinates": [ -76.93512, 38.900486 ] } },
{ "type": "Feature", "properties": { "id": "585548", "name": "SAFEWAY  1177", "category": "Supermarket", "snap_status": "SNAP-authorized retailer", "address": "322 40th St NE", "city": "Washington", "state": "DC", "zip_code": "20019", "source": "USDA FNS SNAP Retailer Location Data" }, "geometry": { "type": "Point", "coordinates": [ -76.947456, 38.893139 ] } },
{ "type": "Feature", "properties": { "id": "319701", "name": "SAFEWAY  1276", "category": "Supermarket", "snap_status": "SNAP-authorized retailer", "address": "6500 Piney Branch Rd NW", "city": "Washington", "state": "DC", "zip_code": "20012", "source": "USDA FNS SNAP Retailer Location Data" }, "geometry": { "type": "Point", "coordinates": [ -77.026558, 38.969566 ] } },
{ "type": "Feature", "properties": { "id": "445206", "name": "SAFEWAY  4202", "category": "Supermarket", "snap_status": "SNAP-authorized retailer", "address": "1747 Columbia Rd NW", "city": "Washington", "state": "DC", "zip_code": "20009", "source": "USDA FNS SNAP Retailer Location Data" }, "geometry": { "type": "Point", "coordinates": [ -77.041023, 38.924236 ] } },
{ "type": "Feature", "properties": { "id": "330839", "name": "SAFEWAY  4270", "category": "Supermarket", "snap_status": "SNAP-authorized retailer", "address": "1601 Maryland Ave NE", "city": "Washington", "state": "DC", "zip_code": "20002", "source": "USDA FNS SNAP Retailer Location Data" }, "geometry": { "type": "Point", "coordinates": [ -76.979774, 38.900574 ] } },
{ "type": "Feature", "properties": { "id": "359823", "name": "SAFEWAY  4832", "category": "Supermarket", "snap_status": "SNAP-authorized retailer", "address": "5545 Connecticut Ave NW", "city": "Washington", "state": "DC", "zip_code": "20015", "source": "USDA FNS SNAP Retailer Location Data" }, "geometry": { "type": "Point", "coordinates": [ -77.074913, 38.9646 ] } },
{ "type": "Feature", "properties": { "id": "510840", "name": "SAFEWAY  923", "category": "Supermarket", "snap_status": "SNAP-authorized retailer", "address": "1701 Corcoran St NW", "city": "Washington", "state": "DC", "zip_code": "20009", "source": "USDA FNS SNAP Retailer Location Data" }, "geometry": { "type": "Point", "coordinates": [ -77.038948, 38.911907 ] } },
{ "type": "Feature", "properties": { "id": "313471", "name": "SAFEWAY 1445", "category": "Supermarket", "snap_status": "SNAP-authorized retailer", "address": "2845 Alabama Ave SE", "city": "Washington", "state": "DC", "zip_code": "20020", "source": "USDA FNS SNAP Retailer Location Data" }, "geometry": { "type": "Point", "coordinates": [ -76.966675, 38.859032 ] } },
{ "type": "Feature", "properties": { "id": "864911", "name": "SAFEWAY 2737", "category": "Supermarket", "snap_status": "SNAP-authorized retailer", "address": "490 L Street Northwest", "city": "Washington", "state": "DC", "zip_code": "20001", "source": "USDA FNS SNAP Retailer Location Data" }, "geometry": { "type": "Point", "coordinates": [ -77.018356, 38.903496 ] } },
{ "type": "Feature", "properties": { "id": "943309", "name": "SAFEWAY 2892", "category": "Supermarket", "snap_status": "SNAP-authorized retailer", "address": "1100 4th St SW", "city": "Washington", "state": "DC", "zip_code": "20024", "source": "USDA FNS SNAP Retailer Location Data" }, "geometry": { "type": "Point", "coordinates": [ -77.017159, 38.877621 ] } },
{ "type": "Feature", "properties": { "id": "671108", "name": "SAFEWAY 2912", "category": "Supermarket", "snap_status": "SNAP-authorized retailer", "address": "1855 Wisconsin Ave NW", "city": "Washington", "state": "DC", "zip_code": "20007", "source": "USDA FNS SNAP Retailer Location Data" }, "geometry": { "type": "Point", "coordinates": [ -77.067703, 38.915676 ] } },
{ "type": "Feature", "properties": { "id": "776138", "name": "SALVA MEX", "category": "Grocery Store", "snap_status": "SNAP-authorized retailer", "address": "700 Kennedy St NW", "city": "Washington", "state": "DC", "zip_code": "20011", "source": "USDA FNS SNAP Retailer Location Data" }, "geometry": { "type": "Point", "coordinates": [ -77.022491, 38.956333 ] } },
{ "type": "Feature", "properties": { "id": "1291590", "name": "STREETS MARKET", "category": "Supermarket", "snap_status": "SNAP-authorized retailer", "address": "1221 Massachusetts Ave NW", "city": "Washington", "state": "DC", "zip_code": "20005", "source": "USDA FNS SNAP Retailer Location Data" }, "geometry": { "type": "Point", "coordinates": [ -77.029175, 38.904713 ] } },
{ "type": "Feature", "properties": { "id": "1690919", "name": "STREETS MARKET", "category": "Supermarket", "snap_status": "SNAP-authorized retailer", "address": "1442 Pennsylvania Ave SE", "city": "Washington", "state": "DC", "zip_code": "20003", "source": "USDA FNS SNAP Retailer Location Data" }, "geometry": { "type": "Point", "coordinates": [ -76.98394, 38.880058 ] } },
{ "type": "Feature", "properties": { "id": "1181661", "name": "STREETS MARKET", "category": "Supermarket", "snap_status": "SNAP-authorized retailer", "address": "2400 14th St Nw", "city": "Washington", "state": "DC", "zip_code": "20009", "source": "USDA FNS SNAP Retailer Location Data" }, "geometry": { "type": "Point", "coordinates": [ -77.031906, 38.921066 ] } },
{ "type": "Feature", "properties": { "id": "1329249", "name": "STREETS MARKET", "category": "Supermarket", "snap_status": "SNAP-authorized retailer", "address": "3427 Connecticut Ave NW", "city": "Washington", "state": "DC", "zip_code": "20008", "source": "USDA FNS SNAP Retailer Location Data" }, "geometry": { "type": "Point", "coordinates": [ -77.057884, 38.935242 ] } },
{ "type": "Feature", "properties": { "id": "1347558", "name": "STREETS MARKET", "category": "Supermarket", "snap_status": "SNAP-authorized retailer", "address": "51 M St NE", "city": "Washington", "state": "DC", "zip_code": "20002", "source": "USDA FNS SNAP Retailer Location Data" }, "geometry": { "type": "Point", "coordinates": [ -77.007271, 38.90546 ] } },
{ "type": "Feature", "properties": { "id": "1399423", "name": "STREETS MARKET ", "category": "Supermarket", "snap_status": "SNAP-authorized retailer", "address": "1864 Columbia Rd NW", "city": "Washington", "state": "DC", "zip_code": "20009", "source": "USDA FNS SNAP Retailer Location Data" }, "geometry": { "type": "Point", "coordinates": [ -77.043541, 38.920753 ] } },
{ "type": "Feature", "properties": { "id": "1388223", "name": "STREETS MARKET 22nd St", "category": "Supermarket", "snap_status": "SNAP-authorized retailer", "address": "1255 22nd St Nw", "city": "Washington", "state": "DC", "zip_code": "20037", "source": "USDA FNS SNAP Retailer Location Data" }, "geometry": { "type": "Point", "coordinates": [ -77.048363, 38.906693 ] } },
{ "type": "Feature", "properties": { "id": "1539404", "name": "STREETS MARKET P St", "category": "Supermarket", "snap_status": "SNAP-authorized retailer", "address": "2617 P St NW", "city": "Washington", "state": "DC", "zip_code": "20007", "source": "USDA FNS SNAP Retailer Location Data" }, "geometry": { "type": "Point", "coordinates": [ -77.055344, 38.909534 ] } },
{ "type": "Feature", "properties": { "id": "1667358", "name": "Sadik Inc", "category": "Convenience Store", "snap_status": "SNAP-authorized retailer", "address": "4100 Hunt Pl NE", "city": "Washington", "state": "DC", "zip_code": "20019", "source": "USDA FNS SNAP Retailer Location Data" }, "geometry": { "type": "Point", "coordinates": [ -76.94342, 38.900906 ] } },
{ "type": "Feature", "properties": { "id": "1154107", "name": "Safeway 2808", "category": "Supermarket", "snap_status": "SNAP-authorized retailer", "address": "3830 Georgia Ave NW", "city": "Washington", "state": "DC", "zip_code": "20011", "source": "USDA FNS SNAP Retailer Location Data" }, "geometry": { "type": "Point", "coordinates": [ -77.024666, 38.938416 ] } },
{ "type": "Feature", "properties": { "id": "1412874", "name": "Safeway 3217", "category": "Supermarket", "snap_status": "SNAP-authorized retailer", "address": "415 14th St SE", "city": "Washington", "state": "DC", "zip_code": "20003", "source": "USDA FNS SNAP Retailer Location Data" }, "geometry": { "type": "Point", "coordinates": [ -76.986328, 38.883682 ] } },
{ "type": "Feature", "properties": { "id": "1426069", "name": "Samber Market 1", "category": "Convenience Store", "snap_status": "SNAP-authorized retailer", "address": "3243 Mount Pleasant St NW", "city": "Washington", "state": "DC", "zip_code": "20010", "source": "USDA FNS SNAP Retailer Location Data" }, "geometry": { "type": "Point", "coordinates": [ -77.038429, 38.932034 ] } },
{ "type": "Feature", "properties": { "id": "1268151", "name": "Sewa International Inc", "category": "Grocery Store", "snap_status": "SNAP-authorized retailer", "address": "5774 2nd St Ne", "city": "Washington", "state": "DC", "zip_code": "20011", "source": "USDA FNS SNAP Retailer Location Data" }, "geometry": { "type": "Point", "coordinates": [ -77.004616, 38.960121 ] } },
{ "type": "Feature", "properties": { "id": "1220915", "name": "Shaw Howard Deli Llc 1", "category": "Convenience Store", "snap_status": "SNAP-authorized retailer", "address": "1911 7th St NW", "city": "Washington", "state": "DC", "zip_code": "20001", "source": "USDA FNS SNAP Retailer Location Data" }, "geometry": { "type": "Point", "coordinates": [ -77.021721, 38.915958 ] } },
{ "type": "Feature", "properties": { "id": "1630100", "name": "Shell Gas no", "category": "Convenience Store", "snap_status": "SNAP-authorized retailer", "address": "4321 Nannie Helen Burroughs Ave NE", "city": "Washington", "state": "DC", "zip_code": "20019", "source": "USDA FNS SNAP Retailer Location Data" }, "geometry": { "type": "Point", "coordinates": [ -76.94017, 38.900665 ] } },
{ "type": "Feature", "properties": { "id": "1532567", "name": "Shepherd Market", "category": "Convenience Store", "snap_status": "SNAP-authorized retailer", "address": "1247 Shepherd St NW", "city": "Washington", "state": "DC", "zip_code": "20011", "source": "USDA FNS SNAP Retailer Location Data" }, "geometry": { "type": "Point", "coordinates": [ -77.02948, 38.939957 ] } },
{ "type": "Feature", "properties": { "id": "1626864", "name": "Sheriff Market", "category": "Convenience Store", "snap_status": "SNAP-authorized retailer", "address": "4748 Sheriff Rd NE", "city": "Washington", "state": "DC", "zip_code": "20019", "source": "USDA FNS SNAP Retailer Location Data" }, "geometry": { "type": "Point", "coordinates": [ -76.934082, 38.903088 ] } },
{ "type": "Feature", "properties": { "id": "1542010", "name": "Shipley Super Market", "category": "Convenience Store", "snap_status": "SNAP-authorized retailer", "address": "2283 Savannah St SE", "city": "Washington", "state": "DC", "zip_code": "20020", "source": "USDA FNS SNAP Retailer Location Data" }, "geometry": { "type": "Point", "coordinates": [ -76.971321, 38.847591 ] } },
{ "type": "Feature", "properties": { "id": "1540797", "name": "Silvermans Liquors", "category": "Convenience Store", "snap_status": "SNAP-authorized retailer", "address": "2033 Benning Rd NE", "city": "Washington", "state": "DC", "zip_code": "20002", "source": "USDA FNS SNAP Retailer Location Data" }, "geometry": { "type": "Point", "coordinates": [ -76.97438, 38.898308 ] } },
{ "type": "Feature", "properties": { "id": "1646866", "name": "Sky-market", "category": "Convenience Store", "snap_status": "SNAP-authorized retailer", "address": "1107 Bladensburg Rd NE", "city": "Washington", "state": "DC", "zip_code": "20002", "source": "USDA FNS SNAP Retailer Location Data" }, "geometry": { "type": "Point", "coordinates": [ -76.980583, 38.903965 ] } },
{ "type": "Feature", "properties": { "id": "1259570", "name": "Smert Sun Market", "category": "Convenience Store", "snap_status": "SNAP-authorized retailer", "address": "415 Rhode Island Ave Ne", "city": "Washington", "state": "DC", "zip_code": "20002", "source": "USDA FNS SNAP Retailer Location Data" }, "geometry": { "type": "Point", "coordinates": [ -77.000336, 38.91975 ] } },
{ "type": "Feature", "properties": { "id": "1627847", "name": "Sonya's Market", "category": "Convenience Store", "snap_status": "SNAP-authorized retailer", "address": "2833 11th St NW", "city": "Washington", "state": "DC", "zip_code": "20001", "source": "USDA FNS SNAP Retailer Location Data" }, "geometry": { "type": "Point", "coordinates": [ -77.026802, 38.926659 ] } },
{ "type": "Feature", "properties": { "id": "1622974", "name": "Souf East Earthlings BLK", "category": "Farmers and Markets", "snap_status": "SNAP-authorized retailer", "address": "413 Xenia St SE", "city": "Washington", "state": "DC", "zip_code": "20032", "source": "USDA FNS SNAP Retailer Location Data" }, "geometry": { "type": "Point", "coordinates": [ -77.000008, 38.832809 ] } },
{ "type": "Feature", "properties": { "id": "1434003", "name": "South Capitol Discount Tobacco & Grocery Inc", "category": "Convenience Store", "snap_status": "SNAP-authorized retailer", "address": "4675 S Capitol St SW", "city": "Washington", "state": "DC", "zip_code": "20032", "source": "USDA FNS SNAP Retailer Location Data" }, "geometry": { "type": "Point", "coordinates": [ -77.001785, 38.821198 ] } },
{ "type": "Feature", "properties": { "id": "717588", "name": "Stan Evans Seafood/DBA Jessie Taylor Seafood", "category": "Other", "snap_status": "SNAP-authorized retailer", "address": "1100 Maine Ave SW", "city": "Washington", "state": "DC", "zip_code": "20024", "source": "USDA FNS SNAP Retailer Location Data" }, "geometry": { "type": "Point", "coordinates": [ -77.028053, 38.881226 ] } },
{ "type": "Feature", "properties": { "id": "1398932", "name": "Stanton Supermarket", "category": "Grocery Store", "snap_status": "SNAP-authorized retailer", "address": "1453 Howard Rd SE", "city": "Washington", "state": "DC", "zip_code": "20020", "source": "USDA FNS SNAP Retailer Location Data" }, "geometry": { "type": "Point", "coordinates": [ -76.98735, 38.858257 ] } },
{ "type": "Feature", "properties": { "id": "1045516", "name": "Stop 4 All Food Mart", "category": "Convenience Store", "snap_status": "SNAP-authorized retailer", "address": "5001 Georgia Ave NW", "city": "Washington", "state": "DC", "zip_code": "20009", "source": "USDA FNS SNAP Retailer Location Data" }, "geometry": { "type": "Point", "coordinates": [ -77.027267, 38.951012 ] } },
{ "type": "Feature", "properties": { "id": "1632810", "name": "Streets Market", "category": "Supermarket", "snap_status": "SNAP-authorized retailer", "address": "3146 Mount Pleasant St NW", "city": "Washington", "state": "DC", "zip_code": "20010", "source": "USDA FNS SNAP Retailer Location Data" }, "geometry": { "type": "Point", "coordinates": [ -77.038139, 38.930103 ] } },
{ "type": "Feature", "properties": { "id": "1330483", "name": "Suburban Market", "category": "Convenience Store", "snap_status": "SNAP-authorized retailer", "address": "4600 Sheriff Road NE", "city": "Washington", "state": "DC", "zip_code": "20019", "source": "USDA FNS SNAP Retailer Location Data" }, "geometry": { "type": "Point", "coordinates": [ -76.936485, 38.902985 ] } },
{ "type": "Feature", "properties": { "id": "1616854", "name": "Super Convenience", "category": "Convenience Store", "snap_status": "SNAP-authorized retailer", "address": "5585 South Dakota Ave NE", "city": "Washington", "state": "DC", "zip_code": "20011", "source": "USDA FNS SNAP Retailer Location Data" }, "geometry": { "type": "Point", "coordinates": [ -77.000854, 38.958317 ] } },
{ "type": "Feature", "properties": { "id": "837329", "name": "Super Giant 384", "category": "Super Store", "snap_status": "SNAP-authorized retailer", "address": "1535 Alabama Ave SE", "city": "Washington", "state": "DC", "zip_code": "20032", "source": "USDA FNS SNAP Retailer Location Data" }, "geometry": { "type": "Point", "coordinates": [ -76.981728, 38.846443 ] } },
{ "type": "Feature", "properties": { "id": "1668088", "name": "Super Mart", "category": "Convenience Store", "snap_status": "SNAP-authorized retailer", "address": "3909 14th St Nw", "city": "Washington", "state": "DC", "zip_code": "20011", "source": "USDA FNS SNAP Retailer Location Data" }, "geometry": { "type": "Point", "coordinates": [ -77.032463, 38.938995 ] } },
{ "type": "Feature", "properties": { "id": "1260873", "name": "Surprise Market 1", "category": "Grocery Store", "snap_status": "SNAP-authorized retailer", "address": "2233 Minnesota Ave Se", "city": "Washington", "state": "DC", "zip_code": "20020", "source": "USDA FNS SNAP Retailer Location Data" }, "geometry": { "type": "Point", "coordinates": [ -76.974319, 38.871632 ] } },
{ "type": "Feature", "properties": { "id": "603219", "name": "T AND G GROCERY STORE", "category": "Convenience Store", "snap_status": "SNAP-authorized retailer", "address": "1727 N Capitol St NE", "city": "Washington", "state": "DC", "zip_code": "20002", "source": "USDA FNS SNAP Retailer Location Data" }, "geometry": { "type": "Point", "coordinates": [ -77.008965, 38.913448 ] } },
{ "type": "Feature", "properties": { "id": "1590921", "name": "T Street Market", "category": "Convenience Store", "snap_status": "SNAP-authorized retailer", "address": "321 T St NE", "city": "Washington", "state": "DC", "zip_code": "20002", "source": "USDA FNS SNAP Retailer Location Data" }, "geometry": { "type": "Point", "coordinates": [ -77.000999, 38.91531 ] } },
{ "type": "Feature", "properties": { "id": "340466", "name": "THOMAS CALOMIRIS & SONS INC", "category": "Specialty Store", "snap_status": "SNAP-authorized retailer", "address": "225 SEVENTH ST SE", "city": "WASHINGTON", "state": "DC", "zip_code": "20003", "source": "USDA FNS SNAP Retailer Location Data" }, "geometry": { "type": "Point", "coordinates": [ -76.996468, 38.886421 ] } },
{ "type": "Feature", "properties": { "id": "489947", "name": "TOWN & COUNTRY MARKET", "category": "Convenience Store", "snap_status": "SNAP-authorized retailer", "address": "823 Upshur St NW", "city": "Washington", "state": "DC", "zip_code": "20011", "source": "USDA FNS SNAP Retailer Location Data" }, "geometry": { "type": "Point", "coordinates": [ -77.024269, 38.941936 ] } },
{ "type": "Feature", "properties": { "id": "1642918", "name": "TRADER JOE'S WASHINGTON (BROOKLAND) 820", "category": "Supermarket", "snap_status": "SNAP-authorized retailer", "address": "701 Monroe St NE", "city": "Washington", "state": "DC", "zip_code": "20017", "source": "USDA FNS SNAP Retailer Location Data" }, "geometry": { "type": "Point", "coordinates": [ -76.995872, 38.932137 ] } },
{ "type": "Feature", "properties": { "id": "1642923", "name": "TRADER JOE'S WASHINGTON (FRIENDSHIP HEIG 819", "category": "Supermarket", "snap_status": "SNAP-authorized retailer", "address": "5335 Wisconsin Ave NW", "city": "Washington", "state": "DC", "zip_code": "20015", "source": "USDA FNS SNAP Retailer Location Data" }, "geometry": { "type": "Point", "coordinates": [ -77.084846, 38.960133 ] } },
{ "type": "Feature", "properties": { "id": "844306", "name": "Target 2259", "category": "Super Store", "snap_status": "SNAP-authorized retailer", "address": "3100 14th St NW", "city": "Washington", "state": "DC", "zip_code": "20010", "source": "USDA FNS SNAP Retailer Location Data" }, "geometry": { "type": "Point", "coordinates": [ -77.032768, 38.92997 ] } },
{ "type": "Feature", "properties": { "id": "1381646", "name": "Target Store T3320", "category": "Super Store", "snap_status": "SNAP-authorized retailer", "address": "1515 New York Ave NE", "city": "Washington", "state": "DC", "zip_code": "20002", "source": "USDA FNS SNAP Retailer Location Data" }, "geometry": { "type": "Point", "coordinates": [ -76.98214, 38.91608 ] } },
{ "type": "Feature", "properties": { "id": "1357427", "name": "Target Store T3328", "category": "Super Store", "snap_status": "SNAP-authorized retailer", "address": "7828 Georgia Ave NW", "city": "Washington", "state": "DC", "zip_code": "20012", "source": "USDA FNS SNAP Retailer Location Data" }, "geometry": { "type": "Point", "coordinates": [ -77.026985, 38.984455 ] } },
{ "type": "Feature", "properties": { "id": "1381658", "name": "Target Store T3351", "category": "Super Store", "snap_status": "SNAP-authorized retailer", "address": "4500 Wisconsin Ave NW", "city": "Washington", "state": "DC", "zip_code": "20016", "source": "USDA FNS SNAP Retailer Location Data" }, "geometry": { "type": "Point", "coordinates": [ -77.080551, 38.948536 ] } },
{ "type": "Feature", "properties": { "id": "1141477", "name": "Texas Convenience Store", "category": "Convenience Store", "snap_status": "SNAP-authorized retailer", "address": "4350 Texas Ave SE", "city": "Washington", "state": "DC", "zip_code": "20019", "source": "USDA FNS SNAP Retailer Location Data" }, "geometry": { "type": "Point", "coordinates": [ -76.941833, 38.883202 ] } },
{ "type": "Feature", "properties": { "id": "1586660", "name": "The Fresh Food Factory Market Ste", "category": "Convenience Store", "snap_status": "SNAP-authorized retailer", "address": "1110 Oak Dr SE", "city": "Washington", "state": "DC", "zip_code": "20032", "source": "USDA FNS SNAP Retailer Location Data" }, "geometry": { "type": "Point", "coordinates": [ -76.990204, 38.846195 ] } },
{ "type": "Feature", "properties": { "id": "1043105", "name": "The Woodner Market", "category": "Convenience Store", "snap_status": "SNAP-authorized retailer", "address": "3636 16th St NW", "city": "Washington", "state": "DC", "zip_code": "20010", "source": "USDA FNS SNAP Retailer Location Data" }, "geometry": { "type": "Point", "coordinates": [ -77.036484, 38.936302 ] } },
{ "type": "Feature", "properties": { "id": "1249938", "name": "Thomas And Sons Market", "category": "Convenience Store", "snap_status": "SNAP-authorized retailer", "address": "3425 Benning Rd NE", "city": "Washington", "state": "DC", "zip_code": "20019", "source": "USDA FNS SNAP Retailer Location Data" }, "geometry": { "type": "Point", "coordinates": [ -76.95723, 38.896393 ] } },
{ "type": "Feature", "properties": { "id": "1684153", "name": "Three Part Harmony Center For Agriculture", "category": "Farmers and Markets", "snap_status": "SNAP-authorized retailer", "address": "3122 4th Street Ne", "city": "Washington", "state": "DC", "zip_code": "20017", "source": "USDA FNS SNAP Retailer Location Data" }, "geometry": { "type": "Point", "coordinates": [ -77.000633, 38.92881 ] } },
{ "type": "Feature", "properties": { "id": "1505727", "name": "Tobacco & Convenience", "category": "Convenience Store", "snap_status": "SNAP-authorized retailer", "address": "1503 N Capitol St NE", "city": "Washington", "state": "DC", "zip_code": "20002", "source": "USDA FNS SNAP Retailer Location Data" }, "geometry": { "type": "Point", "coordinates": [ -77.008728, 38.909855 ] } },
{ "type": "Feature", "properties": { "id": "1680732", "name": "Tobacco Depot & Wireless", "category": "Convenience Store", "snap_status": "SNAP-authorized retailer", "address": "1903 Michigan Ave NE", "city": "Washington", "state": "DC", "zip_code": "20018", "source": "USDA FNS SNAP Retailer Location Data" }, "geometry": { "type": "Point", "coordinates": [ -76.97821, 38.94556 ] } },
{ "type": "Feature", "properties": { "id": "1661253", "name": "Toniq ", "category": "Convenience Store", "snap_status": "SNAP-authorized retailer", "address": "1500 Independence Ave SE", "city": "Washington", "state": "DC", "zip_code": "20003", "source": "USDA FNS SNAP Retailer Location Data" }, "geometry": { "type": "Point", "coordinates": [ -76.983368, 38.887787 ] } },
{ "type": "Feature", "properties": { "id": "1531491", "name": "Top Mart Inc 1", "category": "Convenience Store", "snap_status": "SNAP-authorized retailer", "address": "3109 Martin Luther King Jr Ave Se", "city": "Washington", "state": "DC", "zip_code": "20032", "source": "USDA FNS SNAP Retailer Location Data" }, "geometry": { "type": "Point", "coordinates": [ -76.999588, 38.843681 ] } },
{ "type": "Feature", "properties": { "id": "1370069", "name": "Trader Joe's 620", "category": "Supermarket", "snap_status": "SNAP-authorized retailer", "address": "2101 Wisconsin Ave NW", "city": "Washington", "state": "DC", "zip_code": "20007", "source": "USDA FNS SNAP Retailer Location Data" }, "geometry": { "type": "Point", "coordinates": [ -77.068687, 38.917313 ] } },
{ "type": "Feature", "properties": { "id": "1316957", "name": "Trader Joe's 621", "category": "Supermarket", "snap_status": "SNAP-authorized retailer", "address": "350 Florida Ave NE", "city": "Washington", "state": "DC", "zip_code": "20002", "source": "USDA FNS SNAP Retailer Location Data" }, "geometry": { "type": "Point", "coordinates": [ -77.001251, 38.907501 ] } },
{ "type": "Feature", "properties": { "id": "1298557", "name": "Trader Joe's 622", "category": "Supermarket", "snap_status": "SNAP-authorized retailer", "address": "750 Pennsylvania Ave SE", "city": "Washington", "state": "DC", "zip_code": "20003", "source": "USDA FNS SNAP Retailer Location Data" }, "geometry": { "type": "Point", "coordinates": [ -76.99543, 38.884556 ] } },
{ "type": "Feature", "properties": { "id": "800285", "name": "Trader Joe's 653", "category": "Supermarket", "snap_status": "SNAP-authorized retailer", "address": "1101 25th St NW", "city": "Washington", "state": "DC", "zip_code": "20037", "source": "USDA FNS SNAP Retailer Location Data" }, "geometry": { "type": "Point", "coordinates": [ -77.053017, 38.904198 ] } },
{ "type": "Feature", "properties": { "id": "1136881", "name": "Trader Joe's 662", "category": "Supermarket", "snap_status": "SNAP-authorized retailer", "address": "1914 14th St NW", "city": "Washington", "state": "DC", "zip_code": "20009", "source": "USDA FNS SNAP Retailer Location Data" }, "geometry": { "type": "Point", "coordinates": [ -77.031975, 38.916092 ] } },
{ "type": "Feature", "properties": { "id": "1518597", "name": "Trinity Grill & Social Marketplace", "category": "Convenience Store", "snap_status": "SNAP-authorized retailer", "address": "200 Michigan Ave NE", "city": "Washington", "state": "DC", "zip_code": "20017", "source": "USDA FNS SNAP Retailer Location Data" }, "geometry": { "type": "Point", "coordinates": [ -77.004097, 38.929607 ] } },
{ "type": "Feature", "properties": { "id": "1409337", "name": "U First Mart Inc 1", "category": "Convenience Store", "snap_status": "SNAP-authorized retailer", "address": "1942 1st St NW", "city": "Washington", "state": "DC", "zip_code": "20001", "source": "USDA FNS SNAP Retailer Location Data" }, "geometry": { "type": "Point", "coordinates": [ -77.012421, 38.916862 ] } },
{ "type": "Feature", "properties": { "id": "1103564", "name": "USDA Farmers Market", "category": "Farmers and Markets", "snap_status": "SNAP-authorized retailer", "address": "1401 Independence Ave & 12th St SW", "city": "Washington", "state": "DC", "zip_code": "20250", "source": "USDA FNS SNAP Retailer Location Data" }, "geometry": { "type": "Point", "coordinates": [ -77.028183, 38.887569 ] } },
{ "type": "Feature", "properties": { "id": "1650724", "name": "Union Kitchen", "category": "Convenience Store", "snap_status": "SNAP-authorized retailer", "address": "430 8th St SE", "city": "Washington", "state": "DC", "zip_code": "20003", "source": "USDA FNS SNAP Retailer Location Data" }, "geometry": { "type": "Point", "coordinates": [ -76.994751, 38.882874 ] } },
{ "type": "Feature", "properties": { "id": "1667924", "name": "Union Kitchen Eckington", "category": "Convenience Store", "snap_status": "SNAP-authorized retailer", "address": "1625 Eckington Pl NE", "city": "Washington", "state": "DC", "zip_code": "20002", "source": "USDA FNS SNAP Retailer Location Data" }, "geometry": { "type": "Point", "coordinates": [ -77.004005, 38.912006 ] } },
{ "type": "Feature", "properties": { "id": "673526", "name": "Union Meat Company", "category": "Specialty Store", "snap_status": "SNAP-authorized retailer", "address": "225 7th St SE", "city": "Washington", "state": "DC", "zip_code": "20003", "source": "USDA FNS SNAP Retailer Location Data" }, "geometry": { "type": "Point", "coordinates": [ -76.996468, 38.886421 ] } },
{ "type": "Feature", "properties": { "id": "1666420", "name": "Uptop Market", "category": "Convenience Store", "snap_status": "SNAP-authorized retailer", "address": "4817 Georgia Ave NW", "city": "Washington", "state": "DC", "zip_code": "20011", "source": "USDA FNS SNAP Retailer Location Data" }, "geometry": { "type": "Point", "coordinates": [ -77.026741, 38.948887 ] } },
{ "type": "Feature", "properties": { "id": "1493861", "name": "Uptown Exxon", "category": "Convenience Store", "snap_status": "SNAP-authorized retailer", "address": "3535 Connecticut Ave NW", "city": "Washington", "state": "DC", "zip_code": "20008", "source": "USDA FNS SNAP Retailer Location Data" }, "geometry": { "type": "Point", "coordinates": [ -77.058548, 38.936569 ] } },
{ "type": "Feature", "properties": { "id": "1129479", "name": "Uptown Mart LLC", "category": "Convenience Store", "snap_status": "SNAP-authorized retailer", "address": "2701 14th St. NW", "city": "Washington", "state": "DC", "zip_code": "20009", "source": "USDA FNS SNAP Retailer Location Data" }, "geometry": { "type": "Point", "coordinates": [ -77.032204, 38.925083 ] } },
{ "type": "Feature", "properties": { "id": "1681956", "name": "Urban Mart", "category": "Convenience Store", "snap_status": "SNAP-authorized retailer", "address": "1845 7th St NW", "city": "Washington", "state": "DC", "zip_code": "20001", "source": "USDA FNS SNAP Retailer Location Data" }, "geometry": { "type": "Point", "coordinates": [ -77.021713, 38.915188 ] } },
{ "type": "Feature", "properties": { "id": "482793", "name": "WEAVER MARKET", "category": "Farmers and Markets", "snap_status": "SNAP-authorized retailer", "address": "Lot #7 RFK Stadium", "city": "Washington", "state": "DC", "zip_code": "20002", "source": "USDA FNS SNAP Retailer Location Data" }, "geometry": { "type": "Point", "coordinates": [ -76.973045, 38.88073 ] } },
{ "type": "Feature", "properties": { "id": "870678", "name": "Walgreens 10071", "category": "Other", "snap_status": "SNAP-authorized retailer", "address": "1217 22nd St NW", "city": "Washington", "state": "DC", "zip_code": "20037", "source": "USDA FNS SNAP Retailer Location Data" }, "geometry": { "type": "Point", "coordinates": [ -77.048729, 38.90559 ] } },
{ "type": "Feature", "properties": { "id": "1092749", "name": "Walgreens 15360", "category": "Other", "snap_status": "SNAP-authorized retailer", "address": "801 7th St NW", "city": "Washington", "state": "DC", "zip_code": "20001", "source": "USDA FNS SNAP Retailer Location Data" }, "geometry": { "type": "Point", "coordinates": [ -77.021873, 38.900009 ] } },
{ "type": "Feature", "properties": { "id": "1195225", "name": "Walgreens 15953", "category": "Other", "snap_status": "SNAP-authorized retailer", "address": "1155 F St  NW", "city": "Washington", "state": "DC", "zip_code": "20004", "source": "USDA FNS SNAP Retailer Location Data" }, "geometry": { "type": "Point", "coordinates": [ -77.027565, 38.897369 ] } },
{ "type": "Feature", "properties": { "id": "1229291", "name": "Walgreens 16290", "category": "Other", "snap_status": "SNAP-authorized retailer", "address": "50 Massachusetts Ave", "city": "Washington", "state": "DC", "zip_code": "20002", "source": "USDA FNS SNAP Retailer Location Data" }, "geometry": { "type": "Point", "coordinates": [ -77.006371, 38.896889 ] } },
{ "type": "Feature", "properties": { "id": "433150", "name": "Walgreens 17712", "category": "Other", "snap_status": "SNAP-authorized retailer", "address": "1306 U St NW", "city": "Washington", "state": "DC", "zip_code": "20009", "source": "USDA FNS SNAP Retailer Location Data" }, "geometry": { "type": "Point", "coordinates": [ -77.03006, 38.916782 ] } },
{ "type": "Feature", "properties": { "id": "926839", "name": "Walgreens 19132", "category": "Other", "snap_status": "SNAP-authorized retailer", "address": "3301 New Mexico Ave NW", "city": "Washington", "state": "DC", "zip_code": "20016", "source": "USDA FNS SNAP Retailer Location Data" }, "geometry": { "type": "Point", "coordinates": [ -77.085815, 38.933529 ] } },
{ "type": "Feature", "properties": { "id": "1214791", "name": "Walmart Supercenter 3035", "category": "Super Store", "snap_status": "SNAP-authorized retailer", "address": "310 Riggs Rd NE", "city": "Washington", "state": "DC", "zip_code": "20011", "source": "USDA FNS SNAP Retailer Location Data" }, "geometry": { "type": "Point", "coordinates": [ -77.00209, 38.95752 ] } },
{ "type": "Feature", "properties": { "id": "1123037", "name": "Walmart Supercenter 5968", "category": "Super Store", "snap_status": "SNAP-authorized retailer", "address": "5929 Georgia Ave NW", "city": "Washington", "state": "DC", "zip_code": "20011", "source": "USDA FNS SNAP Retailer Location Data" }, "geometry": { "type": "Point", "coordinates": [ -77.027901, 38.962139 ] } },
{ "type": "Feature", "properties": { "id": "1444543", "name": "Ward 8 Farmers Market", "category": "Farmers and Markets", "snap_status": "SNAP-authorized retailer", "address": "3200 6th St SE", "city": "Washington", "state": "DC", "zip_code": "20032", "source": "USDA FNS SNAP Retailer Location Data" }, "geometry": { "type": "Point", "coordinates": [ -76.998169, 38.842552 ] } },
{ "type": "Feature", "properties": { "id": "1306555", "name": "Wawa 6001", "category": "Convenience Store", "snap_status": "SNAP-authorized retailer", "address": "1111 19th St NW", "city": "Washington", "state": "DC", "zip_code": "20036", "source": "USDA FNS SNAP Retailer Location Data" }, "geometry": { "type": "Point", "coordinates": [ -77.043427, 38.904408 ] } },
{ "type": "Feature", "properties": { "id": "1368257", "name": "Wawa 6004", "category": "Convenience Store", "snap_status": "SNAP-authorized retailer", "address": "4530 40th St NW", "city": "Washington", "state": "DC", "zip_code": "20016", "source": "USDA FNS SNAP Retailer Location Data" }, "geometry": { "type": "Point", "coordinates": [ -77.079216, 38.9491 ] } },
{ "type": "Feature", "properties": { "id": "1453621", "name": "Wawa 6008", "category": "Convenience Store", "snap_status": "SNAP-authorized retailer", "address": "1250 H Street NW", "city": "Washington", "state": "DC", "zip_code": "20005", "source": "USDA FNS SNAP Retailer Location Data" }, "geometry": { "type": "Point", "coordinates": [ -77.029106, 38.899567 ] } },
{ "type": "Feature", "properties": { "id": "1410887", "name": "Wawa Store 6007", "category": "Convenience Store", "snap_status": "SNAP-authorized retailer", "address": "1 Thomas Cir NW", "city": "Washington", "state": "DC", "zip_code": "20005", "source": "USDA FNS SNAP Retailer Location Data" }, "geometry": { "type": "Point", "coordinates": [ -77.0326, 38.90538 ] } },
{ "type": "Feature", "properties": { "id": "1507557", "name": "Wegmans Wisconsin Ave 143", "category": "Supermarket", "snap_status": "SNAP-authorized retailer", "address": "41 Ridge Sq NW", "city": "Washington", "state": "DC", "zip_code": "20016", "source": "USDA FNS SNAP Retailer Location Data" }, "geometry": { "type": "Point", "coordinates": [ -77.077087, 38.940262 ] } },
{ "type": "Feature", "properties": { "id": "1626362", "name": "Wheeler Liquor & Grocery", "category": "Convenience Store", "snap_status": "SNAP-authorized retailer", "address": "4137 Wheeler Rd SE", "city": "Washington", "state": "DC", "zip_code": "20032", "source": "USDA FNS SNAP Retailer Location Data" }, "geometry": { "type": "Point", "coordinates": [ -76.990036, 38.83342 ] } },
{ "type": "Feature", "properties": { "id": "1040927", "name": "Wheeler Market", "category": "Convenience Store", "snap_status": "SNAP-authorized retailer", "address": "4133 Wheeler Rd SE", "city": "Washington", "state": "DC", "zip_code": "20032", "source": "USDA FNS SNAP Retailer Location Data" }, "geometry": { "type": "Point", "coordinates": [ -76.990219, 38.833565 ] } },
{ "type": "Feature", "properties": { "id": "500075", "name": "Whole Foods Market 10062", "category": "Super Store", "snap_status": "SNAP-authorized retailer", "address": "4530 40th St NW", "city": "Washington", "state": "DC", "zip_code": "20016", "source": "USDA FNS SNAP Retailer Location Data" }, "geometry": { "type": "Point", "coordinates": [ -77.078758, 38.948841 ] } },
{ "type": "Feature", "properties": { "id": "443728", "name": "Whole Foods Market 10135", "category": "Super Store", "snap_status": "SNAP-authorized retailer", "address": "1440 P St NW", "city": "Washington", "state": "DC", "zip_code": "20005", "source": "USDA FNS SNAP Retailer Location Data" }, "geometry": { "type": "Point", "coordinates": [ -77.033569, 38.9095 ] } },
{ "type": "Feature", "properties": { "id": "1019025", "name": "Whole Foods Market 10414", "category": "Super Store", "snap_status": "SNAP-authorized retailer", "address": "2201 I St NW", "city": "Washington", "state": "DC", "zip_code": "20052", "source": "USDA FNS SNAP Retailer Location Data" }, "geometry": { "type": "Point", "coordinates": [ -77.049484, 38.900726 ] } },
{ "type": "Feature", "properties": { "id": "1341371", "name": "Whole Foods Market 10563", "category": "Super Store", "snap_status": "SNAP-authorized retailer", "address": "101 H Street SE", "city": "Washington", "state": "DC", "zip_code": "20002", "source": "USDA FNS SNAP Retailer Location Data" }, "geometry": { "type": "Point", "coordinates": [ -77.005547, 38.88044 ] } },
{ "type": "Feature", "properties": { "id": "1276174", "name": "Whole Foods Market 10565", "category": "Super Store", "snap_status": "SNAP-authorized retailer", "address": "600 H St NE", "city": "Washington", "state": "DC", "zip_code": "20002", "source": "USDA FNS SNAP Retailer Location Data" }, "geometry": { "type": "Point", "coordinates": [ -76.998306, 38.900238 ] } },
{ "type": "Feature", "properties": { "id": "1410876", "name": "Whole Foods Market 10651", "category": "Super Store", "snap_status": "SNAP-authorized retailer", "address": "967 Florida Ave NW", "city": "Washington", "state": "DC", "zip_code": "20001", "source": "USDA FNS SNAP Retailer Location Data" }, "geometry": { "type": "Point", "coordinates": [ -77.024666, 38.919842 ] } },
{ "type": "Feature", "properties": { "id": "1551326", "name": "Whole Foods Market 10777", "category": "Super Store", "snap_status": "SNAP-authorized retailer", "address": "7130 12th St NW", "city": "Washington", "state": "DC", "zip_code": "20012", "source": "USDA FNS SNAP Retailer Location Data" }, "geometry": { "type": "Point", "coordinates": [ -77.028168, 38.976101 ] } },
{ "type": "Feature", "properties": { "id": "1475405", "name": "Whole Foods Market 10780", "category": "Super Store", "snap_status": "SNAP-authorized retailer", "address": "2323 Wisconsin Ave NW", "city": "Washington", "state": "DC", "zip_code": "20007", "source": "USDA FNS SNAP Retailer Location Data" }, "geometry": { "type": "Point", "coordinates": [ -77.071617, 38.920933 ] } },
{ "type": "Feature", "properties": { "id": "1498923", "name": "Wonder Mart Convenience", "category": "Convenience Store", "snap_status": "SNAP-authorized retailer", "address": "2743 Martin Luther King Jr Ave SE", "city": "Washington", "state": "DC", "zip_code": "20032", "source": "USDA FNS SNAP Retailer Location Data" }, "geometry": { "type": "Point", "coordinates": [ -76.996414, 38.846939 ] } },
{ "type": "Feature", "properties": { "id": "1272612", "name": "Wow Market & Deli LLC", "category": "Convenience Store", "snap_status": "SNAP-authorized retailer", "address": "6226 Georgia Ave Nw", "city": "Washington", "state": "DC", "zip_code": "20011", "source": "USDA FNS SNAP Retailer Location Data" }, "geometry": { "type": "Point", "coordinates": [ -77.027664, 38.965752 ] } },
{ "type": "Feature", "properties": { "id": "1201355", "name": "Yes Organic Eastern Market 9", "category": "Supermarket", "snap_status": "SNAP-authorized retailer", "address": "410 8th St SE", "city": "Washington", "state": "DC", "zip_code": "20003", "source": "USDA FNS SNAP Retailer Location Data" }, "geometry": { "type": "Point", "coordinates": [ -76.994942, 38.883549 ] } },
{ "type": "Feature", "properties": { "id": "1531146", "name": "Yes Organic Foods", "category": "Grocery Store", "snap_status": "SNAP-authorized retailer", "address": "1825 Columbia Rd NW", "city": "Washington", "state": "DC", "zip_code": "20009", "source": "USDA FNS SNAP Retailer Location Data" }, "geometry": { "type": "Point", "coordinates": [ -77.043739, 38.921818 ] } },
{ "type": "Feature", "properties": { "id": "824427", "name": "Yes Organic Market", "category": "Super Store", "snap_status": "SNAP-authorized retailer", "address": "3809 12th St NE", "city": "Washington", "state": "DC", "zip_code": "20017", "source": "USDA FNS SNAP Retailer Location Data" }, "geometry": { "type": "Point", "coordinates": [ -76.990372, 38.93681 ] } },
{ "type": "Feature", "properties": { "id": "419148", "name": "Yes Organic Market 2", "category": "Supermarket", "snap_status": "SNAP-authorized retailer", "address": "3425 Connecticut Ave NW", "city": "Washington", "state": "DC", "zip_code": "20008", "source": "USDA FNS SNAP Retailer Location Data" }, "geometry": { "type": "Point", "coordinates": [ -77.057961, 38.935047 ] } },
{ "type": "Feature", "properties": { "id": "918666", "name": "Yes Organic Market Petworth 6", "category": "Super Store", "snap_status": "SNAP-authorized retailer", "address": "4100 Georgia Ave NW", "city": "Washington", "state": "DC", "zip_code": "20011", "source": "USDA FNS SNAP Retailer Location Data" }, "geometry": { "type": "Point", "coordinates": [ -77.025528, 38.941036 ] } },
{ "type": "Feature", "properties": { "id": "1328034", "name": "Z Mart Grocery Dollar Plus Store", "category": "Grocery Store", "snap_status": "SNAP-authorized retailer", "address": "4522 Benning Rd SE", "city": "Washington", "state": "DC", "zip_code": "20019", "source": "USDA FNS SNAP Retailer Location Data" }, "geometry": { "type": "Point", "coordinates": [ -76.936661, 38.889107 ] } },
{ "type": "Feature", "properties": { "id": "1619965", "name": "Zeki Liquors", "category": "Convenience Store", "snap_status": "SNAP-authorized retailer", "address": "5916 Georgia Ave NW", "city": "Washington", "state": "DC", "zip_code": "20011", "source": "USDA FNS SNAP Retailer Location Data" }, "geometry": { "type": "Point", "coordinates": [ -77.028229, 38.96175 ] } },
{ "type": "Feature", "properties": { "id": "1624986", "name": "Zemen Market", "category": "Convenience Store", "snap_status": "SNAP-authorized retailer", "address": "2401 Martin Luther King Jr Ave SE", "city": "Washington", "state": "DC", "zip_code": "20020", "source": "USDA FNS SNAP Retailer Location Data" }, "geometry": { "type": "Point", "coordinates": [ -76.992561, 38.862923 ] } }
]
}
